Track URI,Track Name,Album Name,Artist Name(s),Release Date,Duration (ms),Popularity,Explicit,Added By,Added At,Genres,Record Label,Danceability,Energy,Key,Loudness,Mode,Speechiness,Acousticness,Instrumentalness,Liveness,Valence,Tempo,Time Signature
spotify:track:0qWoOHqTirzo59FQ9eoECH,"All I Did Was Dream of You (feat. The Marías)","All I Did Was Dream of You (feat. The Marías)","beabadoobee;The Marías",2026-03-12,223788,77,false,,2026-03-12T23:42:45Z,"bedroom pop","beabadoobee",0.408,0.541,9,-7.881,1,0.0269,0.118,0.00544,0.14,0.214,165.917,4
spotify:track:61OJxhoY3Ix50rYVKo8zRK,"Can I Call You Tonight?","Fuzzybrain","Dayglow",2019-11-14,278769,79,false,,2026-02-06T00:41:42Z,"indie rock","Very Nice Records",0.641,0.842,9,-7.27,1,0.0292,0.134,0.911,0.419,0.499,129.978,4
spotify:track:5euumi7eqEgmxvCIJw2pSp,"Hot Rod","Fuzzybrain","Dayglow",2019-11-14,204014,69,false,,2026-02-05T22:16:37Z,"indie rock","Very Nice Records",0.707,0.768,7,-7.072,1,0.0323,0.0279,0.000292,0.169,0.832,139.985,4
spotify:track:19Hg1UCZaCdpHB37L7x63X,"EVERYTHING","TEAM BABY","The Black Skirts",2017-05-30,293000,69,false,,2025-12-06T19:01:55Z,"k-rock,k-ballad","DOGGYRICH FOREVER, BESPOK.",0.54,0.373,6,-8.591,1,0.0278,0.651,0.927,0.146,0.387,119.843,4
spotify:track:3SeDS5sSoWnwAZvVgkdKzf,"Better in the Dark","Summer's Over","Jordana;TV Girl",2021-10-13,155500,82,false,,2025-12-06T19:01:39Z,"","Summer's Over",0.678,0.64,9,-7.486,1,0.0268,0.283,0.00067,0.682,0.701,90.058,4
spotify:track:2MvvoeRt8NcOXWESkxWn3g,"Ribs","Pure Heroine","Lorde",2013-09-27,258969,84,false,,2025-11-26T01:57:10Z,"","Universal Music New Zealand Limited",0.525,0.472,4,-9.277,1,0.0739,0.534,0.614,0.11,0.0424,127.945,4
spotify:track:17AnW24hC6ZU6P8VQwElH9,"Not the Only One","Melt","Not For Radio",2025-10-10,226553,64,false,,2025-11-20T21:25:37Z,"","Nice Life/Atlantic",0.539,0.428,0,-9.238,1,0.024,0.222,0.205,0.0587,0.192,74.683,4
spotify:track:4lIxdJw6W3Fg4vUIYCB0S5,"Style","1989","Taylor Swift",2014-10-27,231000,79,false,,2025-11-20T00:59:53Z,"","Taylor Swift",0.598,0.786,2,-5.572,1,0.0383,0.00253,0.0016,0.117,0.456,95.019,4
spotify:track:3hEfpBHxgieRLz4t3kLNEg,"About You","Being Funny In A Foreign Language","The 1975",2022-10-14,326490,89,false,,2025-11-20T00:42:12Z,"","Dirty Hit",0.416,0.762,2,-7.385,1,0.0279,0.312,0.804,0.0559,0.461,95.967,4
spotify:track:43rJxnkXh5fa841vweoXiL,"Get Bummed Out","All of Something","Remember Sports",2015-10-30,144981,44,false,,2025-11-16T03:15:02Z,"indie punk,midwest emo","Father/Daughter Records",0.201,0.91,11,-4.288,0,0.104,0.00074,0.0618,0.115,0.67,192.209,4
spotify:track:1LmN9SSHISbtp9LoaR5ZVJ,"Payphone","Overexposed","Maroon 5;Wiz Khalifa",2021-06-20,231386,72,true,,2025-11-13T15:20:26Z,"pop","Interscope Records*",0.739,0.756,4,-4.828,1,0.0393,0.0136,0,0.37,0.522,110.028,4
spotify:track:7yq4Qj7cqayVTp3FF9CWbm,"Riptide","Dream Your Life Away","Vance Joy",2014-09-08,204280,84,false,,2025-11-13T15:20:10Z,"folk pop","F-Stop Records/Atlantic",0.484,0.731,1,-6.694,1,0.0379,0.431,0,0.151,0.51,101.654,4
spotify:track:3QzAOrNlsabgbMwlZt7TAY,"Ballin' (with Roddy Ricch)","Perfect Ten","Mustard;Roddy Ricch",2019-06-28,180434,77,true,,2025-11-13T15:20:09Z,"melodic rap","10 Summers Records/Interscope Records",0.809,0.545,7,-6.678,1,0.0734,0.392,0,0.151,0.244,97.008,4
spotify:track:2ksyzVfU0WJoBpu8otr4pz,"METAMORPHOSIS","METAMORPHOSIS","INTERWORLD",2021-11-25,142839,77,true,,2025-11-13T15:20:06Z,"phonk,drift phonk,brazilian phonk","INTERWORLD",0.593,0.641,7,-12.727,0,0.0992,0.426,0.901,0.122,0.147,175.014,4
spotify:track:2iP3unJbxZvRuqyrS0ocZy,"Heartless (feat. Mustard)","THE GOAT","Polo G;Mustard",2020-05-15,204000,67,true,,2025-11-13T13:28:00Z,"","Columbia",0.776,0.64,7,-8.058,1,0.184,0.149,0,0.101,0.326,160.038,4
spotify:track:7eBqSVxrzQZtK2mmgRG6lC,"Murder on My Mind","I AM YOU","YNW Melly",2018-08-03,268434,80,true,,2025-11-13T13:27:44Z,"melodic rap","P2018",0.759,0.73,0,-7.985,0,0.0516,0.145,0.00000306,0.11,0.74,115.007,4
spotify:track:1lOe9qE0vR9zwWQAOk6CoO,"Ransom","We Love You Tecca","Lil Tecca",2019-08-30,131240,85,true,,2025-11-13T13:26:49Z,"melodic rap,rap","Republic Records",0.745,0.642,7,-6.257,0,0.287,0.0204,0,0.0658,0.226,179.974,4
spotify:track:4sjiIpEv617LDXaidKioOI,"223's (feat. 9lokknine)","223's (feat. 9lokknine)","YNW Melly;9lokknine",2019-08-09,176640,60,true,,2025-11-13T13:26:43Z,"melodic rap","300 Entertainment",0.932,0.547,0,-7.787,0,0.333,0.0388,0,0.0924,0.695,94.998,4
spotify:track:003vvx7Niy0yvhvHt4a68B,"Mr. Brightside","Hot Fuss","The Killers",2004,222973,95,false,,2025-11-13T04:34:55Z,"alternative rock","Island Records",0.352,0.911,1,-5.23,1,0.0747,0.00121,0,0.0995,0.236,148.033,4
spotify:track:5Q0Nhxo0l2bP3pNjpGJwV1,"Party In The U.S.A.","The Time Of Our Lives","Miley Cyrus",2009-01-01,202066,82,false,,2025-11-13T01:33:33Z,"","Hollywood Records",0.652,0.698,10,-4.667,0,0.042,0.00112,0.000115,0.0886,0.47,96.021,4
spotify:track:7ghKr0pCYyPPyp7t1FH8k4,"Les","Camp","Childish Gambino",2011-11-15,317293,88,true,,2025-11-09T23:55:46Z,"","Glassnote - VMG",0.543,0.674,1,-7.038,0,0.083,0.00654,0.000094,0.221,0.129,102.891,4
spotify:track:0eaVIYo2zeOaGJeqZ5TwYz,"No Pole","Love Sick (Deluxe)","Don Toliver",2023-02-28,187613,89,true,,2025-11-09T23:55:40Z,"","Cactus Jack / Atlantic",0.328,0.631,5,-5.169,0,0.0465,0.0714,0,0.567,0.382,85.262,4
spotify:track:0Cy7wt6IlRfBPHXXjmZbcP,"Love Me Like You Do","Fifty Shades Freed (Original Motion Picture Soundtrack)","Ellie Goulding",2018-02-09,253520,83,false,,2025-11-06T18:44:41Z,"","Republic/Universal/FSF",0.489,0.597,5,-6.633,0,0.0292,0.27,0,0.105,0.323,95.013,4
spotify:track:3s9eWdn8IymCPvVLcKpjww,"The Moon Song","The Moon Song","beabadoobee;Oscar Lang",2017-11-06,141040,62,false,,2025-10-30T18:07:23Z,"bedroom pop","Dirty Hit",0.405,0.0854,0,-15.488,1,0.0336,0.968,0.0121,0.139,0.148,93.768,4
spotify:track:4QKBJA0Wq3ReRFVHkgfEeu,"Outside - Slowed + Reverb","Outside (Slowed + Reverb)","skyemane;Aiden Music",2023-06-06,195082,56,false,,2025-10-30T14:40:56Z,"hypertechno,afro house,techno","skyemane",0.714,0.536,11,-10.084,0,0.0381,0.0614,0.0000256,0.0974,0.391,112.392,4
spotify:track:7oTth77HJhTFyHHI5jjrh9,"Counting Stars","Native (Standard)","OneRepublic",2013-01-01,257266,58,false,,2025-10-30T14:39:10Z,"","Mosley / Interscope",0.664,0.705,1,-4.972,0,0.0382,0.0654,0,0.118,0.477,122.016,4
spotify:track:0SiywuOBRcynK0uKGWdCnn,"Bad Romance","The Fame Monster (Deluxe Edition)","Lady Gaga",2009-11-05,294573,88,true,,2025-10-30T14:39:05Z,"art pop,pop","Interscope",0.695,0.921,0,-3.752,1,0.0363,0.00314,0.0000526,0.0842,0.714,119.007,4
spotify:track:0QkWikH5Z3U0f79T9iuF6c,"Judas","Born This Way","Lady Gaga",2011-01-01,249066,77,false,,2025-10-30T14:39:00Z,"art pop,pop","Interscope",0.661,0.937,10,-3.83,0,0.0744,0.000967,0.0000158,0.355,0.535,130.999,4
spotify:track:3GCL1PydwsLodcpv0Ll1ch,"You Belong With Me","Fearless","Taylor Swift",2008-11-11,231133,72,false,,2025-10-28T19:09:43Z,"","Taylor Swift",0.687,0.783,6,-4.44,1,0.0386,0.162,0.0000135,0.114,0.443,129.964,4
spotify:track:6GiCszfL4D2GlCU8tFU3sR,"Si Me Voy (with The Marías)","Si Me Voy (with The Marías)","Cuco;The Marías",2023-03-10,203219,65,false,,2025-10-22T00:17:02Z,"bedroom pop","Walk The Trail, Inc under exclusive license to Interscope Records",0.621,0.784,4,-8.29,1,0.0313,0.258,0.172,0.15,0.416,124.007,4
spotify:track:0cqrg8N4D0260NkHGUoS0z,"Puddles","Melt","Not For Radio",2025-10-10,324864,64,false,,2025-10-19T04:10:58Z,"","Nice Life/Atlantic",0.384,0.433,9,-11.112,1,0.0316,0.671,0.0998,0.082,0.146,182.015,4
spotify:track:6ra0162M1vgBI3Ams3r2SK,"Confidence","Premiers pas","Kim",2009-01-01,224360,76,false,,2025-10-15T04:24:37Z,"zouk,kompa,kizomba,french r&b","Section Zouk",0.557,0.802,10,-5.269,0,0.0895,0.533,0.0000111,0.101,0.551,175.835,4
spotify:track:47rCs1JJXC6AG20WKbyOUR,"Back To You","Melt","Not For Radio",2025-10-10,275842,67,false,,2025-10-14T19:07:52Z,"","Nice Life/Atlantic",0.481,0.353,8,-10.732,1,0.0274,0.704,0.0428,0.117,0.063,133.282,4
spotify:track:4Gg1tYCl7rWR4laKbdtPA4,"Daylight","Daylight","David Kushner",2023-04-14,212953,75,false,,2025-10-14T01:45:33Z,"","Miserable Music Group",0.508,0.43,2,-9.475,0,0.0335,0.83,0.000441,0.093,0.324,130.09,4
spotify:track:60F6pgM6H6miNr5AmjxwjL,"Fallen Star","Fallen Star","The Neighbourhood",2021-10-01,224938,76,false,,2025-10-12T14:31:26Z,"","Original Sin",0.603,0.551,10,-6.259,0,0.0304,0.0696,0.0976,0.192,0.439,75.001,4
spotify:track:1p80LdxRV74UKvL8gnD7ky,"Blank Space","1989","Taylor Swift",2014-10-27,231826,78,false,,2025-10-10T00:40:34Z,"","Taylor Swift",0.753,0.678,5,-5.421,1,0.0644,0.085,0.00000164,0.13,0.583,96.006,4
spotify:track:5q920mKlVFvIoBgi8He9y6,"Shelter","Shelter","silent collision",2025-09-29,121389,27,false,,2025-10-08T23:37:18Z,"dark ambient,slowcore","silent collision",0.343,0.13,0,-21.736,1,0.0363,0.822,0.844,0.0864,0.0383,95.145,3
spotify:track:4pwJ6OujVQL3IpCr8KeXIg,"Nobody New","Back To Me","The Marías",2025-04-04,215200,71,false,,2025-10-08T02:15:43Z,"bedroom pop","Nice Life/Atlantic",0.648,0.462,6,-10.491,0,0.0258,0.897,0.193,0.117,0.48,77.007,4
spotify:track:5P9PQR7CM5YPEU2I3EypWM,"ABQ","Superclean, Vol. II","The Marías",2018-09-28,311035,59,false,,2025-10-08T02:14:22Z,"bedroom pop","Superclean Records",0.54,0.307,4,-16.191,0,0.0294,0.821,0.594,0.108,0.175,136.991,4
spotify:track:1mbuSss0OVqfS00y7yCNCZ,"Ruthless","Superclean, Vol. II","The Marías",2018-09-28,247455,64,false,,2025-10-08T02:14:17Z,"bedroom pop","Superclean Records",0.672,0.436,9,-11.743,1,0.0326,0.71,0.147,0.117,0.557,105.003,4
spotify:track:2EPuv7zyLpFqReJoYrIFzm,"Jupiter","Jupiter","The Marías",2020-03-20,191888,63,false,,2025-10-08T02:14:08Z,"bedroom pop","Superclean Records",0.407,0.412,0,-11.794,1,0.0285,0.354,0.0000374,0.0735,0.562,179.836,4
spotify:track:4raL05JS5aNmXwClc2ATA8,"Fog as a Bullet","CINEMA","The Marías",2021-06-25,177013,61,false,,2025-10-08T02:13:45Z,"bedroom pop","Nice Life/Atlantic",0.625,0.149,6,-16.051,1,0.0296,0.913,0.06,0.185,0.193,105.062,3
spotify:track:5XHgo8eXtKTK0xLKMNiOll,"Out for the Night - Live","Out for the Night (Live)","The Marías",2019-12-11,293683,58,false,,2025-10-08T02:12:58Z,"bedroom pop","Superclean Records",0.471,0.198,1,-14.287,1,0.0501,0.826,0.0043,0.199,0.203,116.869,3
spotify:track:02wNtFxlr9dLmZXKT5TIF5,"Over the Moon","Superclean, Vol. II","The Marías",2018-09-28,182900,71,false,,2025-10-07T14:13:59Z,"bedroom pop","Superclean Records",0.684,0.232,0,-13.249,1,0.0297,0.86,0.404,0.135,0.387,73.518,4
spotify:track:3vxvz0JoRDvnx2jG9oPljA,"Love You Anyway","Submarine","The Marías",2024-05-31,237133,73,false,,2025-10-01T00:25:20Z,"bedroom pop","Nice Life/Atlantic",0.737,0.457,6,-9.132,1,0.0511,0.531,0.332,0.0881,0.915,144.031,4
spotify:track:6pidBSO5ksTA9f5GAHR5eQ,"Snowpath","Jonah Yano & The Heavy Loop","Jonah Yano;Clairo",2024-10-04,133000,38,false,,2025-10-01T00:25:06Z,"bedroom pop","Innovative Leisure",0.528,0.372,3,-7.335,1,0.0368,0.927,0.408,0.16,0.164,119.255,4
spotify:track:44gFwrrDdUolqFdpYPazll,"you were in my dream","you were in my dream","thetonysofar",2024-02-15,156038,45,false,,2025-08-25T15:22:49Z,"slowcore","5779799 Records DK",0.717,0.152,5,-20.299,1,0.0441,0.949,0.882,0.114,0.6,119.895,4
spotify:track:6whOApl6TgeCGRwMM52tkl,"theres this girl","i'll be okay","sign crushes motorist",2022-08-05,297875,64,false,,2025-08-25T15:22:38Z,"slowcore","sign crushes motorist",0.612,0.134,9,-25.029,1,0.035,0.987,0.898,0.102,0.163,80.04,4
spotify:track:2wuE0xt20E6cB4PAXOmE5v,"Jonny (Reprise)","Atlanta Millionaires Club","Faye Webster",2019-05-24,120120,66,false,,2025-08-23T02:29:37Z,"","Secretly Canadian",0.317,0.512,6,-9.92,1,0.0363,0.0785,0.543,0.129,0.203,79.995,3
spotify:track:6oP8iOWmJkwsm4yjDpSbhv,"Kind Of","I Know I'm Funny haha","Faye Webster",2021-06-25,325053,65,false,,2025-08-23T02:29:36Z,"","Secretly Canadian",0.632,0.445,10,-9.73,1,0.0288,0.145,0.319,0.121,0.452,102.788,4
spotify:track:0uphGVj1uIticJK6gb2WnO,"Hurts Me Too","Atlanta Millionaires Club","Faye Webster",2019-05-24,201120,65,false,,2025-08-23T02:29:35Z,"","Secretly Canadian",0.464,0.299,5,-11.424,1,0.0275,0.105,0.261,0.0911,0.116,95.548,3
spotify:track:5sGGlfbqdGlJr3ZMMjODoy,"She Won't Go Away","Faye Webster","Faye Webster",2017-05-12,185646,70,false,,2025-08-23T02:29:34Z,"","Secretly Canadian",0.71,0.394,9,-9.306,1,0.0295,0.309,0.00000257,0.105,0.447,92.977,4
spotify:track:5tuBenbZ1Or9xENTyOKoGC,"Jonny","Atlanta Millionaires Club","Faye Webster",2019-05-24,226506,73,false,,2025-08-23T02:29:30Z,"","Secretly Canadian",0.609,0.232,6,-11.989,1,0.0272,0.417,0.0187,0.107,0.27,79.821,3
spotify:track:2VYnlKxB8jpbCeLUjQsebc,"In A Good Way","I Know I'm Funny haha","Faye Webster",2021-06-25,224680,75,false,,2025-08-23T02:29:29Z,"","Secretly Canadian",0.587,0.286,9,-8.839,1,0.0315,0.185,0.0288,0.214,0.302,71.123,4
spotify:track:3cxZT78mZDyLsLPJKcTu3U,"Right Side of My Neck","Atlanta Millionaires Club","Faye Webster",2019-05-24,153320,72,false,,2025-08-23T02:29:29Z,"","Secretly Canadian",0.716,0.515,1,-9.073,1,0.0261,0.00116,0.000249,0.326,0.315,117.039,4
spotify:track:7hNPcyHhNYLCtTFa5bxvX1,"A Dream With a Baseball Player","I Know I'm Funny haha","Faye Webster",2021-06-25,221186,66,false,,2025-08-23T02:29:20Z,"","Secretly Canadian",0.617,0.371,1,-10.364,1,0.0356,0.488,0.00582,0.069,0.588,139.931,4
spotify:track:5mtTAScDytxMMqZj14NmlN,"love.","0.1 flaws and all.","wave to earth",2023-04-20,307750,80,false,,2025-08-22T21:00:57Z,"","WAVY",0.319,0.391,2,-9.758,1,0.0298,0.649,0.296,0.279,0.251,61.922,4
spotify:track:09RamrocZneYcLYLRIxYha,"Steeeam","Shelly","Shelly",2020-10-30,170892,73,false,,2025-08-22T21:00:28Z,"lo-fi indie","Orange Hill Records",0.817,0.763,5,-11.014,0,0.0373,0.546,0.158,0.124,0.923,120.034,4
spotify:track:6iGT4CugvKIPPee1BfNRTp,"Cuckoo Ballet - Interlude","A Matter of Time","Laufey",2025-08-22,219533,57,false,,2025-08-22T19:22:41Z,"","Vingolf Recordings",0.161,0.17,2,-13.696,0,0.0372,0.93,0.828,0.279,0.0851,81.568,4
spotify:track:53x1Wib1wn4GnKZHhQcU41,"Rooster","Guitar","Mac DeMarco",2025-08-22,145366,46,false,,2025-08-22T19:22:15Z,"indie,lo-fi indie","Mac Demarco, LLC",0.855,0.316,11,-11.88,0,0.0365,0.677,0.0447,0.111,0.508,112.269,4
spotify:track:4m29PyiwrsG3ycQr3R1P3T,"Holy","Guitar","Mac DeMarco",2025-08-22,144773,49,false,,2025-08-22T19:22:14Z,"indie,lo-fi indie","Mac Demarco, LLC",0.915,0.384,6,-11.166,1,0.0482,0.517,0.237,0.0879,0.711,135.925,4
spotify:track:0fzFk0LHgTmGm7JAWcr9Xs,"Knockin","Guitar","Mac DeMarco",2025-08-22,140706,45,false,,2025-08-22T19:22:11Z,"indie,lo-fi indie","Mac Demarco, LLC",0.9,0.285,3,-11.286,1,0.036,0.391,0.177,0.233,0.403,138.784,4
spotify:track:3FZ31x8WWKZ2TcMsGaSBYe,"Punishment","Guitar","Mac DeMarco",2025-08-22,120960,54,false,,2025-08-22T19:22:09Z,"indie,lo-fi indie","Mac Demarco, LLC",0.82,0.311,1,-11.3,0,0.0615,0.66,0.0881,0.132,0.477,144.315,4
spotify:track:6axkr9JOY2H1hdQSG9dY7m,"Nothing At All","Guitar","Mac DeMarco",2025-08-22,196986,46,false,,2025-08-22T19:22:07Z,"indie,lo-fi indie","Mac Demarco, LLC",0.844,0.303,5,-10.457,1,0.0345,0.72,0.0000216,0.242,0.509,145.565,4
spotify:track:5jUTUtASaCSvod7opmnTlH,"Home","Guitar","Mac DeMarco",2025-08-22,131906,50,false,,2025-08-22T19:22:06Z,"indie,lo-fi indie","Mac Demarco, LLC",0.782,0.238,9,-10.501,1,0.0355,0.781,0.0000631,0.156,0.472,124.736,4
spotify:track:58yz3lbCHxj18jsbwkQEyz,"Rock And Roll","Guitar","Mac DeMarco",2025-08-22,182360,47,false,,2025-08-22T19:22:04Z,"indie,lo-fi indie","Mac Demarco, LLC",0.814,0.441,2,-10.001,0,0.0264,0.612,0.139,0.149,0.565,142.862,4
spotify:track:0dk7LIwrm1npm6UwEssQEh,"Terror","Guitar","Mac DeMarco",2025-08-22,183800,53,false,,2025-08-22T19:22:01Z,"indie,lo-fi indie","Mac Demarco, LLC",0.888,0.208,3,-10.104,0,0.0342,0.779,0.000348,0.116,0.556,136.559,4
spotify:track:6ocId35dCVd9zmrzb6vnO5,"Nightmare","Guitar","Mac DeMarco",2025-08-22,136933,54,false,,2025-08-22T19:21:59Z,"indie,lo-fi indie","Mac Demarco, LLC",0.846,0.309,2,-12.501,0,0.0342,0.84,0.0575,0.151,0.429,79.187,4
spotify:track:5A6xiYvuRA76qdjr5fjjGw,"Phantom","Guitar","Mac DeMarco",2025-08-22,110173,57,false,,2025-08-22T19:21:56Z,"indie,lo-fi indie","Mac Demarco, LLC",0.887,0.259,7,-11.928,1,0.0404,0.814,0.339,0.0797,0.454,126.336,4
spotify:track:62SETCvD0iipMHXaopBk4a,"Sweeter","Guitar","Mac DeMarco",2025-08-22,179253,57,false,,2025-08-22T19:21:54Z,"indie,lo-fi indie","Mac Demarco, LLC",0.812,0.438,2,-10.672,0,0.0337,0.733,0.346,0.113,0.531,147.157,4
spotify:track:66ALMWldXUZziIOSDv9jYB,"Shining","Guitar","Mac DeMarco",2025-08-22,188013,56,false,,2025-08-22T19:21:52Z,"indie,lo-fi indie","Mac Demarco, LLC",0.796,0.278,8,-10.104,1,0.0282,0.78,0.0106,0.162,0.696,76.64,4
spotify:track:3t6vhRYuIpX4zlHCTC2h1d,"under the mat","I Barely Know Her","sombr",2025-08-22,284642,67,false,,2025-08-22T19:21:38Z,"","Warner Records",0.46,0.896,0,-2.986,1,0.0595,0.112,0.00000101,0.139,0.33,119.952,4
spotify:track:261jWBGVjAGH4SuOEVLlvO,"come closer","I Barely Know Her","sombr",2025-08-22,194004,72,false,,2025-08-22T19:21:28Z,"","Warner Records",0.537,0.905,8,-3.763,1,0.0425,0.0215,0.00000778,0.24,0.572,122.992,4
spotify:track:0KtV18BLmyIOYHCSISmVl9,"canal street","I Barely Know Her","sombr",2025-08-22,302408,67,false,,2025-08-22T19:21:14Z,"","Warner Records",0.433,0.78,6,-3.72,1,0.0333,0.251,0.00000569,0.0945,0.25,136.739,4
spotify:track:5Lfdb0KKLWKEns27p20uYt,"i wish i knew how to quit you","I Barely Know Her","sombr",2025-08-22,232375,75,false,,2025-08-22T19:21:07Z,"","Warner Records",0.263,0.852,7,-3.963,1,0.0626,0.214,0.175,0.238,0.379,154.55,3
spotify:track:05od2qm2MTSKCHxy1GBp5W,"12 to 12","I Barely Know Her","sombr",2025-08-22,242903,90,false,,2025-08-22T19:21:05Z,"","Warner Records",0.659,0.898,11,-2.578,0,0.0526,0.0134,0.00000502,0.0971,0.511,123.992,4
spotify:track:2pQoErkcTbLdQLnUtMYvuZ,"crushing","I Barely Know Her","sombr",2025-08-22,207334,77,false,,2025-08-22T19:21:03Z,"","Warner Records",0.56,0.902,0,-4.698,0,0.0514,0.026,0.0000985,0.106,0.604,110.96,4
spotify:track:3rPtS4nfpy7PsARctAWpzd,"Best Friend","Best Friend","Rex Orange County",2017-01-25,262231,80,true,,2025-08-21T18:09:01Z,"bedroom pop","Rex Orange County",0.576,0.714,6,-5.247,1,0.0595,0.395,0,0.115,0.321,144.981,4
spotify:track:7lypOC2Al9QjcPyx3yh9VU,"Take Me Out - Bossa Nova Version","Take Me Out (Bossa Nova Version)","if we were lakes",2025-02-13,92255,1,false,,2025-08-20T02:42:35Z,"","302 Records",0.74,0.178,8,-12.333,1,0.046,0.94,0,0.211,0.708,133.232,4
spotify:track:429NtPmr12aypzFH3FkN9l,"Coffee","Coffee","beabadoobee",2017-11-04,126824,75,false,,2025-08-20T01:24:51Z,"bedroom pop","Dirty Hit",0.532,0.137,9,-18.208,1,0.0717,0.982,0.962,0.112,0.301,118.734,4
spotify:track:75IQVo8hqI1iwVZyvkN2VT,"Show Me How","Show Me How","Men I Trust",2018-02-28,215110,81,false,,2025-08-20T01:24:34Z,"bedroom pop,indie pop,dream pop","Indie",0.791,0.271,5,-11.959,1,0.0431,0.672,0.543,0.102,0.564,166.002,4
spotify:track:1PqiPSxaMyH0EaV5fu2KQy,"Airplane Mode","Holo","Limbo",2018-01-07,164000,5,true,,2025-08-20T01:24:26Z,"","limbo sounds",0.637,0.298,4,-13.683,0,0.206,0.883,0.172,0.108,0.059,119.903,4
spotify:track:71BWZa1liIRyUiuJ3MB66o,"I Know You","Faye Webster","Faye Webster",2017-05-12,251666,78,false,,2025-08-20T01:24:22Z,"","Secretly Canadian",0.454,0.385,10,-12.849,1,0.0313,0.287,0.0000997,0.0616,0.144,154.918,4
spotify:track:0E0DRHf5PfMeor0ZCwB3oT,"Otro Atardecer","Un Verano Sin Ti","Bad Bunny;The Marías",2022-05-06,244444,83,false,,2025-08-15T16:01:56Z,"reggaeton,trap latino,latin,urbano latino,bedroom pop","Rimas Entertainment LLC",0.777,0.595,2,-6.79,1,0.0375,0.59,0.00139,0.0669,0.546,108.02,4
spotify:track:4E0P1xs3JNmsNr5c5nFTZJ,"Back To Me","Back To Me","The Marías",2025-04-04,214800,80,false,,2025-08-15T16:01:47Z,"bedroom pop","Nice Life/Atlantic",0.456,0.488,9,-8.518,1,0.0275,0.469,0.0326,0.123,0.244,143.827,4
spotify:track:3BUc2A0MJ53FHwiy3eohBt,"Nobody New","Nobody New","The Marías",2025-04-02,215200,79,false,,2025-08-15T16:01:40Z,"bedroom pop","Nice Life/Atlantic",0.648,0.462,6,-10.491,0,0.0258,0.897,0.193,0.117,0.48,77.007,4
spotify:track:1DpC4L3JjsGRW7y6eTHaMj,"Ojos Tristes (with The Marías)","I Said I Love You First","Selena Gomez;benny blanco;The Marías",2025-03-19,201920,74,false,,2025-08-15T16:01:33Z,"bedroom pop","SMG Music LLC & Friends Keep Secrets under exclusive license to Interscope Records",0.665,0.639,8,-7.151,1,0.0296,0.709,0.0221,0.203,0.706,110.01,4
spotify:track:4gtIYSYu8u2ItBqrhCaChL,"Paranoia","Submarine","The Marías",2024-05-31,231786,75,false,,2025-08-15T16:01:10Z,"bedroom pop","Nice Life/Atlantic",0.688,0.639,1,-7.992,1,0.0299,0.441,0.5,0.0753,0.773,120.039,4
spotify:track:4zyHmSSneytuFEdU2TbU7w,"unknown feelings","unknown feelings","Novulent",2023-05-17,134627,71,false,,2025-08-08T19:41:53Z,"shoegaze","The Royals",0.45,0.485,1,-9.296,0,0.0281,0.889,0.933,0.109,0.197,164.037,4
spotify:track:2EIUQkawLEdWDytIL0mQV8,"Who are you?","Who are you?","Saga Faye",2024-11-28,151979,67,false,,2025-08-07T18:20:24Z,"","Universal-Island Records Ltd.",0.721,0.53,2,-7.367,0,0.0304,0.852,0.00177,0.109,0.162,108.125,4
spotify:track:5Yx9t9RgATAtYoHN8gbRM0,"Fool","Next Thing","Frankie Cosmos",2016-04-01,124021,72,false,,2025-08-07T05:21:15Z,"bedroom pop","Bayonet Records",0.511,0.435,9,-10.254,1,0.0408,0.301,0.000082,0.255,0.343,120.207,4
spotify:track:3yXJjux4ngdBID25f0QIui,"Mimi's Delivery Service","Mimi's Delivery Service","Good Kid",2023-03-17,178924,69,false,,2025-08-07T04:05:13Z,"","Good People Record Co.",0.491,0.988,1,-3.848,0,0.0402,0.000356,0.00000855,0.25,0.873,102.461,4
spotify:track:43MifzVnh8W3jJN0xqU9jR,"Wasted Summers","Wasted Summers","juju<3",2023-07-12,130384,71,false,,2025-08-07T03:34:45Z,"","Not Fit For Society",0.633,0.643,0,-8.122,1,0.0252,0.106,0.00831,0.78,0.472,103.842,4
spotify:track:3SWbqLBIOTUhpLhOOKaeSB,"The Night We Met","The Night We Met","Lord Huron",2015-02-09,208226,59,false,,2025-08-07T03:20:06Z,"","Lord Huron",0.44,0.378,2,-9.545,1,0.045,0.968,0.272,0.639,0.105,174.121,3
spotify:track:7LPGJhkRDEW6KopWhD8DbX,"Roi","Euphories","Videoclub;Adèle Castillon;Mattyeux",2021-01-29,224226,76,false,,2025-08-07T00:51:37Z,"french indie pop,french pop","Petit Lion Productions",0.705,0.467,9,-9.261,1,0.0343,0.564,0.00107,0.0969,0.27,107.993,4
spotify:track:0PZ04XgQ14FmKZBg3Gxlhr,"Radio","Born To Die (Deluxe Version)","Lana Del Rey",2011-01-01,214586,51,true,,2025-08-06T21:25:37Z,"","Polydor Records",0.449,0.837,2,-5.248,1,0.057,0.223,0.0000299,0.0878,0.207,75.033,4
spotify:track:5WbfFTuIldjL9x7W6y5l7R,"Kingston","Atlanta Millionaires Club","Faye Webster",2019-05-24,202653,79,false,,2025-08-06T06:25:06Z,"","Secretly Canadian",0.73,0.355,10,-9.13,0,0.0359,0.154,0.00155,0.117,0.56,142.143,4
spotify:track:71pc7jwiSjPx48Uluc0yTh,"Maple","Maple","leverfall",2025-02-14,101816,47,false,,2025-08-06T06:24:19Z,"","leverfall",0.574,0.293,10,-15.8,1,0.034,0.83,0.94,0.112,0.39,98.989,4
spotify:track:0pvY6r52LuIwJ1Svq2W094,"Pictures","January","leverfall",2025-01-24,73924,45,false,,2025-08-06T06:24:16Z,"","leverfall",0.688,0.481,1,-15.943,1,0.0558,0.939,0.916,0.13,0.72,137.767,4
spotify:track:4lJjC7xGtEg1tZH4KOSSuv,"regretful","April & June","leverfall",2025-04-24,82674,64,false,,2025-08-06T06:24:13Z,"","Leverfall",0.637,0.385,8,-14.253,0,0.0416,0.192,0.933,0.124,0.209,95.788,4
spotify:track:59NW1waylNUA9DHpu6rycA,"Texting","Texting","leverfall",2025-02-24,106910,54,false,,2025-08-06T06:24:09Z,"","leverfall",0.639,0.528,2,-11.206,1,0.0361,0.477,0.834,0.304,0.507,109.968,4
spotify:track:7g3g00RKlqSIe2G8KKCgsE,"Killswitch Lullaby","Killswitch Lullaby","Flawed Mangoes",2023-08-02,147096,73,false,,2025-08-06T06:24:02Z,"","Flawed Mangoes",0.572,0.267,4,-17.263,0,0.0391,0.967,0.94,0.0995,0.4,124.052,3
spotify:track:0n20laNpcg84CViNdXbwsE,"Waiting","Waiting","leverfall",2025-01-15,61522,73,false,,2025-08-06T06:22:08Z,"","leverfall",0.553,0.553,2,-12.499,1,0.031,0.957,0.902,0.163,0.159,101.396,4
spotify:track:1exDZN0zsfDpsIKamOqmSz,"Once More","The Lost Petals","d4vd",2023-09-08,121695,54,false,,2025-08-06T04:38:18Z,"","D4VD ENT, LLC",0.672,0.253,9,-12.71,0,0.0395,0.864,0,0.0787,0.409,76.481,4
spotify:track:3ne8gcrNZD2lJihBGl5RC5,"Flowers & Chocolate","Flowers & Chocolate","Eyedress",2023-02-13,195509,43,false,,2025-08-06T04:33:16Z,"","RCA Records Label",0.679,0.74,11,-7.746,1,0.0588,0.198,0.0451,0.107,0.674,141.016,4
spotify:track:1i8dJGpKO0xQiKGCVslJqB,"half return","songs","Adrianne Lenker",2020-10-23,128700,74,false,,2025-08-05T05:15:23Z,"","4AD",0.435,0.382,3,-11.75,1,0.0298,0.821,0.0327,0.117,0.668,143.866,4
spotify:track:2Pj61QoTrKvwuADKCMfuyj,"Blade Running","Wild Heart","Current Joys",2013-01-02,191346,50,false,,2025-08-04T20:19:29Z,"lo-fi indie","Current Joys",0.52,0.869,9,-9.844,1,0.0362,0.754,0.839,0.103,0.542,163.246,4
spotify:track:7pP5mF7UGoQlKq6vKkmTRz,"You Broke My Heart","Wild Heart","Current Joys",2013-01-02,427485,65,false,,2025-08-04T20:19:26Z,"lo-fi indie","Current Joys",0.597,0.635,6,-12.218,0,0.0272,0.961,0.905,0.241,0.699,155.256,4
spotify:track:1rluwEqsWp5tz0lgyOT9rE,"Symphonia IX","Wild Heart","Current Joys",2013-01-02,181166,78,false,,2025-08-04T20:19:25Z,"lo-fi indie","Current Joys",0.571,0.392,0,-12.483,1,0.0243,0.895,0.76,0.333,0.14,99.33,4
spotify:track:1LRAHFIbxLVAu2mUngtkuM,"Strange Life","Wild Heart","Current Joys",2013-01-02,192556,47,false,,2025-08-04T20:19:25Z,"lo-fi indie","Current Joys",0.66,0.695,9,-12.232,1,0.0285,0.671,0.491,0.249,0.961,93.626,4
spotify:track:2vuP5HVoGqsShdaiaZSOTf,"I'm Terrified","Wild Heart","Current Joys",2013-01-02,151218,47,false,,2025-08-04T20:19:24Z,"lo-fi indie","Current Joys",0.363,0.711,9,-10.878,1,0.0393,0.93,0.762,0.281,0.673,148.456,4
spotify:track:58AnWrEk6nkQfAeDMlXjLI,"Televisions","Wild Heart","Current Joys",2013-01-02,156644,72,false,,2025-08-04T20:19:22Z,"lo-fi indie","Current Joys",0.501,0.852,9,-8.491,1,0.0422,0.291,0.777,0.31,0.96,184.543,4
spotify:track:1szbozUa3LOD4YBMwMXGtn,"New York City","Wild Heart","Current Joys",2013-01-02,227235,53,false,,2025-08-04T20:19:21Z,"lo-fi indie","Current Joys",0.593,0.866,8,-7.538,1,0.0373,0.603,0.837,0.0765,0.78,155.518,4
spotify:track:1vUsFRnCPVgilmT69KHyDa,"My Blood","Wild Heart","Current Joys",2013-01-02,154197,50,false,,2025-08-04T20:19:20Z,"lo-fi indie","Current Joys",0.523,0.583,6,-14.82,1,0.0309,0.96,0.801,0.152,0.633,143.251,4
spotify:track:37FVobI6ZrZwD7QmXTHRR3,"Legendary Lovers","Death of a Party Girl","TV Girl",2018-05-08,215055,50,false,,2025-08-04T06:11:09Z,"","TV Girl",0.645,0.79,8,-5.474,1,0.0423,0.0738,0.0101,0.125,0.481,100.067,4
spotify:track:7eClhHlXfHnMwZdR281GlK,"Every Stupid Actress","Death of a Party Girl","TV Girl",2018-05-08,345739,50,false,,2025-08-04T06:11:09Z,"","TV Girl",0.626,0.817,0,-5.881,1,0.0462,0.43,0.000504,0.147,0.847,79.997,4
spotify:track:2eL2UEYxEfJH9DaTDoQlsg,"King of Echo Park","Death of a Party Girl","TV Girl",2018-05-08,245708,56,false,,2025-08-04T06:11:07Z,"","TV Girl",0.624,0.87,0,-5.513,0,0.2,0.322,0.00000107,0.641,0.795,80.215,4
spotify:track:5PaCrBjL6W6Gq60kJzuw9y,"Cynical One","Death of a Party Girl","TV Girl",2018-05-08,202854,59,false,,2025-08-04T06:11:06Z,"","TV Girl",0.544,0.314,7,-12.744,1,0.0281,0.648,0.0161,0.152,0.343,101.388,1
spotify:track:51Hxez2vOWDH8HBDK42Uxp,"Drift Down","Death of a Party Girl","TV Girl",2018-05-08,193187,51,false,,2025-08-04T06:11:05Z,"","TV Girl",0.527,0.944,4,-4.908,0,0.0474,0.328,0.686,0.331,0.963,165.949,4
spotify:track:18YXp2sVwm3Tzd4bm7PkMN,"Lonely Girls","Death of a Party Girl","TV Girl",2018-05-08,175500,56,false,,2025-08-04T06:11:04Z,"","TV Girl",0.713,0.695,4,-5.838,0,0.152,0.336,0.0003,0.446,0.653,90.506,4
spotify:track:1EKDVrhKvTdI8tIJ1oGyii,"7 Days Til Sunday","Death of a Party Girl","TV Girl",2018-05-08,215000,56,false,,2025-08-04T06:11:03Z,"","TV Girl",0.679,0.888,5,-4.597,1,0.0421,0.158,0.00412,0.323,0.972,119.981,4
spotify:track:2vVXZKnEIU5j0yVDGQX46l,"Pretty Boy","Death of a Party Girl","TV Girl",2018-05-08,166000,67,false,,2025-08-04T06:11:02Z,"","TV Girl",0.706,0.382,9,-7.292,1,0.0312,0.453,0.0000936,0.221,0.38,107.774,4
spotify:track:0REaf0xqIOxEXGZgOXfrCW,"Heaven Is a Bedroom","Who Really Cares","TV Girl",2016-02-25,278839,62,false,,2025-08-04T06:10:46Z,"","TV Girl",0.624,0.973,0,-5.185,1,0.0768,0.0809,0.025,0.125,0.637,112.033,4
spotify:track:4KHnHCB3KVJeQRHt9PM8uz,"For You","Who Really Cares","TV Girl",2016-02-25,215386,66,false,,2025-08-04T06:10:45Z,"","TV Girl",0.554,0.862,10,-6.477,1,0.0375,0.102,0.00398,0.394,0.73,95.009,4
spotify:track:2c4Est3dxGfn834VReid5d,"Safeword","Who Really Cares","TV Girl",2016-02-25,216762,69,false,,2025-08-04T06:10:44Z,"","TV Girl",0.631,0.487,0,-7.407,1,0.0395,0.273,0.0636,0.185,0.142,123.498,4
spotify:track:0N2Nx2lwHuqA203ZXoTwQL,"(Do The) Act Like You Never Met Me","Who Really Cares","TV Girl",2016-02-25,254467,62,false,,2025-08-04T06:10:43Z,"","TV Girl",0.661,0.958,10,-5.965,0,0.0599,0.224,0.000548,0.26,0.93,107.633,4
spotify:track:7GALElZRLEkzaxZJ7TA0I3,"Till You Tell Me to Leave","Who Really Cares","TV Girl",2016-02-25,206623,60,false,,2025-08-04T06:10:42Z,"","TV Girl",0.336,0.696,8,-7.678,1,0.0514,0.561,0.0325,0.171,0.171,109.709,4
spotify:track:53mChDyESfwn9Dz8poHRf6,"Taking What's Not Yours","Who Really Cares","TV Girl",2016-02-25,205650,81,false,,2025-08-04T06:10:41Z,"","TV Girl",0.712,0.914,1,-5.675,1,0.101,0.65,0,0.0579,0.697,100.406,4
spotify:track:5ExWCOYjZbMEZCIdlfH2dO,"Song About Me","Who Really Cares","TV Girl",2016-02-25,243727,71,true,,2025-08-04T06:10:41Z,"","TV Girl",0.625,0.949,4,-4.714,0,0.0561,0.00456,0.00506,0.645,0.496,100.639,4
spotify:track:2C8BawsbZROHDBUnobEbTQ,"Anjela","French Exit","TV Girl",2014-06-05,224093,58,false,,2025-08-04T06:10:35Z,"","TV Girl",0.733,0.585,11,-7.02,1,0.0393,0.0404,0.0303,0.129,0.781,95.403,4
spotify:track:5tPZxJzgR75cBrD9GyEVB4,"Come When You Call","French Exit","TV Girl",2014-06-05,218546,53,false,,2025-08-04T06:10:34Z,"","TV Girl",0.548,0.798,5,-7.077,1,0.0677,0.00989,0.0827,0.119,0.446,90.961,4
spotify:track:4YhMaKfdp5MgcECm2YC7ve,"Her and Her Friend","French Exit","TV Girl",2014-06-05,209133,58,false,,2025-08-04T06:10:33Z,"","TV Girl",0.506,0.845,2,-6.197,1,0.0378,0.247,0.00145,0.102,0.781,191.421,4
spotify:track:5cct9ToyRPLyfELg3JfWqx,"Daughter of a Cop","French Exit","TV Girl",2014-06-05,153440,65,false,,2025-08-04T06:10:32Z,"","TV Girl",0.721,0.791,7,-7.197,1,0.0295,0.288,0.804,0.11,0.957,103.086,4
spotify:track:5trzBtLlKIYZSmkbtkNmXb,"The Getaway","French Exit","TV Girl",2014-06-05,224066,57,false,,2025-08-04T06:10:31Z,"","TV Girl",0.625,0.924,5,-3.488,0,0.0363,0.0104,0.664,0.348,0.721,96.986,4
spotify:track:2SXG2Vmtn4S1lsbQkuWKBS,"Talk to Strangers","French Exit","TV Girl",2014-06-05,177693,58,false,,2025-08-04T06:10:31Z,"","TV Girl",0.372,0.577,3,-9.856,0,0.0368,0.97,0.948,0.156,0.736,186.935,4
spotify:track:263KsGZODTZouh3RFGNaLX,"Louise","French Exit","TV Girl",2014-06-05,194453,76,false,,2025-08-04T06:10:30Z,"","TV Girl",0.727,0.919,0,-4.562,1,0.0285,0.165,0.0111,0.306,0.92,115.816,4
spotify:track:7ijyGfG4NxMBobHgvu4lIM,"Hate Yourself","French Exit","TV Girl",2014-06-05,213760,77,false,,2025-08-04T06:10:30Z,"","TV Girl",0.643,0.891,9,-4.404,1,0.0322,0.642,0.085,0.119,0.886,95.813,4
spotify:track:7m6xr2HY0BYmBDTh2UIx02,"Pantyhose","French Exit","TV Girl",2014-06-05,177013,62,false,,2025-08-04T06:10:29Z,"","TV Girl",0.522,0.847,7,-4.444,1,0.0394,0.505,0.0016,0.217,0.75,100.628,4
spotify:track:21LkHnuxPxVrOZ5gCaG7aM,"Birds Dont Sing","French Exit","TV Girl",2014-06-05,209346,74,false,,2025-08-04T06:10:29Z,"","TV Girl",0.605,0.942,7,-4.549,1,0.0655,0.016,0,0.137,0.8,106.562,4
spotify:track:59c2xv2kMzYM6HR9oY6BIa,"Sweet Boy","Sweet Boy","Malcolm Todd",2024-04-05,180000,88,true,,2025-08-04T06:09:42Z,"","Columbia",0.774,0.371,5,-9.54,0,0.0309,0.367,0.00000275,0.298,0.707,88.013,4
spotify:track:3SH1vOTwgg5Ma1NhHaXvrA,"Echo","Submarine","The Marías",2024-05-31,209426,66,false,,2025-08-04T06:01:54Z,"bedroom pop","Nice Life/Atlantic",0.747,0.453,2,-6.884,0,0.0413,0.53,0.000786,0.105,0.765,81.012,4
spotify:track:7K6KRwyvE0plDEzxrVmCon,"Come Back - Buddha Remastered 2001","The First Family of Soul: The Best of The Five Stairsteps","The Five Stairsteps",2001-11-06,174706,77,false,,2025-08-04T04:16:16Z,"","Buddha Records",0.319,0.525,3,-8.35,1,0.0286,0.515,0,0.167,0.445,86.42,3
spotify:track:5y3QjURtPq4V186jTPMA8Y,"Do Not Wait","Nothing Happens","Wallows",2019-03-22,390880,54,false,,2025-08-04T04:09:42Z,"indie","Atlantic Records",0.23,0.473,4,-9.583,1,0.0303,0.0305,0.0133,0.161,0.0715,99.832,4
spotify:track:7E9OnFFwTYDz6ZllgfbwOd,"I'm Full","Nothing Happens","Wallows",2019-03-22,222026,49,false,,2025-08-04T04:09:41Z,"indie","Atlantic Records",0.457,0.84,1,-7.075,0,0.0737,0.00537,0.00246,0.472,0.231,159.987,4
spotify:track:7ndWF1H191Fx8Jq3xXncqy,"What You Like","Nothing Happens","Wallows",2019-03-22,201240,46,false,,2025-08-04T04:09:40Z,"indie","Atlantic Records",0.721,0.398,7,-6.603,1,0.0375,0.0014,0,0.101,0.36,105.998,4
spotify:track:2cjgdu1MVfnVShIbLp3XvI,"Worlds Apart","Nothing Happens","Wallows",2019-03-22,254453,46,false,,2025-08-04T04:09:39Z,"indie","Atlantic Records",0.314,0.755,0,-6.613,1,0.0457,0.0154,0.0387,0.492,0.427,169.946,4
spotify:track:1pNUmVxDiE8t6P1XxcZAv8,"Scrawny","Nothing Happens","Wallows",2019-03-22,166520,67,true,,2025-08-04T04:09:38Z,"indie","Atlantic Records",0.639,0.816,6,-5.28,0,0.0485,0.000985,0.0604,0.141,0.802,138.008,4
spotify:track:2XzAcJx3qBDnS1hD2vNwbh,"Ice Cold Pool","Nothing Happens","Wallows",2019-03-22,237653,50,false,,2025-08-04T04:09:38Z,"indie","Atlantic Records",0.572,0.662,7,-6.041,1,0.0316,0.00817,0,0.159,0.356,103.025,4
spotify:track:3gar285uWggoxHwOwO7Ng9,"Sidelines","Nothing Happens","Wallows",2019-03-22,180586,54,false,,2025-08-04T04:09:37Z,"indie","Atlantic Records",0.639,0.655,11,-6,1,0.0299,0.00211,0.000247,0.445,0.809,105.024,4
spotify:track:40WWDaK7arn7ilmufbHmdo,"Treacherous Doctor","Nothing Happens","Wallows",2019-03-22,163480,54,false,,2025-08-04T04:09:36Z,"indie","Atlantic Records",0.459,0.861,6,-6.186,0,0.0603,0.00193,0.00249,0.474,0.767,160.039,4
spotify:track:5q6Ue2SuMhMBxFPDP2VWXm,"Only Friend","Nothing Happens","Wallows",2019-03-22,181600,56,false,,2025-08-04T04:09:35Z,"indie","Atlantic Records",0.295,0.835,4,-5.184,1,0.0413,0.0000151,0.913,0.342,0.0835,153.914,4
spotify:track:1WKafez8TM4dVYlSsxi6dS,"Always Love featuring Hyunjin (Stray Kids)","Always Love featuring Hyunjin (Stray Kids)","d4vd;Hyunjin",2025-06-27,198472,67,false,,2025-08-04T02:37:37Z,"","D4VD ENT, LLC",0.358,0.47,5,-8.934,0,0.0385,0.425,0.00000873,0.0954,0.403,142.065,4
spotify:track:1fdJovNYzsGgh7jv4qBckQ,"L.O.V.E.U (feat. hannah bahng)","L.O.V.E.U (feat. hannah bahng)","d4vd;hannah bahng",2025-08-01,199923,20,false,,2025-08-04T02:37:25Z,"","D4VD ENT, LLC",0.594,0.513,1,-9.579,0,0.0272,0.292,0.000294,0.0978,0.398,103.067,4
spotify:track:6oofvZ4K8vBHnCT1oKERcd,"i walk this earth all by myself","NEGATIVE","EKKSTACY",2021-11-12,145634,74,true,,2025-08-04T02:37:09Z,"","EKKSTACY under exclusive license to UnitedMasters",0.595,0.588,10,-11.313,1,0.0624,0.507,0.781,0.113,0.518,166.061,4
spotify:track:5ye1TParxcolbnNsOXO8qE,"Sleep Well","Petals to Thorns","d4vd",2023-05-26,175875,4,false,,2025-08-04T02:37:06Z,"","Darkroom/Interscope Records",0.37,0.358,8,-10.633,1,0.0317,0.799,0.00000708,0.142,0.186,147.581,3
spotify:track:4M70OqsMnH6GwzEFtYAF5o,"Feel It","WITHERED","d4vd",2025-04-25,157974,5,false,,2025-08-04T02:36:56Z,"","Darkroom/Interscope Records",0.62,0.594,8,-5.833,1,0.0649,0.0357,0,0.254,0.483,120.268,4
spotify:track:4WFgvKVfEhb3IUAFGrutTR,"Love Me Not","Bird's Eye","Ravyn Lenae",2024-08-09,213466,91,false,,2025-08-04T02:36:51Z,"alternative r&b,indie soul","Atlantic Records",0.779,0.731,0,-6.176,1,0.0306,0.296,0,0.128,0.814,114.001,4
spotify:track:3poJLRLGViMX3gicX9UYtD,"Advice","Trick","Alex G",2012-11-05,157973,62,false,,2025-08-04T02:35:38Z,"","Lucky Number",0.356,0.611,10,-5.71,1,0.0289,0.000183,0.867,0.127,0.272,170.069,4
spotify:track:1jJci4qxiYcOHhQR247rEU,"Kids","Oracular Spectacular","MGMT",2007-12-14,302840,87,false,,2025-08-04T02:34:20Z,"indie","Red Ink/Columbia",0.451,0.931,9,-3.871,1,0.0719,0.00076,0.0049,0.361,0.172,122.961,4
spotify:track:3Jd6rzKHppJ5ULIguJ9q8B,"I Wouldn't Ask You","Immunity","Clairo",2019-08-02,416373,24,true,,2025-08-04T02:27:28Z,"bedroom pop","FADER Label",0.49,0.369,1,-11.185,1,0.0444,0.705,0.0155,0.082,0.275,133.74,4
spotify:track:2SUMIoX85glBKsVuu1vo20,"Sinking","Immunity","Clairo",2019-08-02,190000,24,false,,2025-08-04T02:27:27Z,"bedroom pop","FADER Label",0.789,0.33,8,-9.149,1,0.0297,0.588,0.000233,0.0898,0.553,99.39,3
spotify:track:1h1EnRMB7u9i3SUWhrBHLX,"White Flag","Immunity","Clairo",2019-08-02,181253,23,false,,2025-08-04T02:27:25Z,"bedroom pop","FADER Label",0.423,0.467,0,-10.246,1,0.0444,0.64,0.0442,0.124,0.0738,103.765,4
spotify:track:6xzb6wg0GSQlg1KZNGwiMv,"Feel Something","Immunity","Clairo",2019-08-02,176800,27,false,,2025-08-04T02:27:25Z,"bedroom pop","FADER Label",0.602,0.435,1,-10.295,1,0.0443,0.49,0.000133,0.113,0.236,114.6,4
spotify:track:0za55KLGfhCOr2TC4RM6dr,"Sofia","Immunity","Clairo",2019-08-02,188386,45,false,,2025-08-04T02:27:23Z,"bedroom pop","FADER Label",0.741,0.614,0,-10.018,1,0.0393,0.56,0.00385,0.218,0.62,113.002,4
spotify:track:56NEihhw1BsIgBBzfvcE76,"Bags","Immunity","Clairo",2019-08-02,260519,46,false,,2025-08-04T02:27:21Z,"bedroom pop","FADER Label",0.742,0.537,1,-7.914,1,0.0317,0.172,0.421,0.118,0.881,104.994,4
spotify:track:3eIwoaqQ3htsJ4bz7Y3GQp,"North","Immunity","Clairo",2019-08-02,213253,35,false,,2025-08-04T02:27:20Z,"bedroom pop","FADER Label",0.603,0.628,2,-6.466,1,0.0338,0.235,0.0000194,0.153,0.546,97.978,4
spotify:track:7C1SjpflVsxWhKHF3TCIdG,"Closer To You","Immunity","Clairo",2019-08-02,184293,21,true,,2025-08-04T02:27:19Z,"bedroom pop","FADER Label",0.759,0.374,0,-9.605,1,0.0421,0.149,0.00061,0.107,0.632,76.983,4
spotify:track:1iBdTa9YrX6eRLdjWjhgU4,"Impossible","Immunity","Clairo",2019-08-02,230346,23,false,,2025-08-04T02:27:18Z,"bedroom pop","FADER Label",0.533,0.612,0,-11.983,1,0.0468,0.265,0.00677,0.133,0.549,99.827,4
spotify:track:5okf19MivZaxlTdRxx1UTl,"Alewife","Immunity","Clairo",2019-08-02,213000,23,false,,2025-08-04T02:27:17Z,"bedroom pop","FADER Label",0.663,0.321,3,-13.477,1,0.0326,0.924,0.0817,0.1,0.254,102.979,4
spotify:track:6Kzul7v3QxHGwV2AjLNp3X,"4EVER","4EVER","Clairo",2018-04-27,159595,39,false,,2025-08-04T02:27:10Z,"bedroom pop","FADER Label",0.75,0.585,9,-7.576,0,0.0285,0.049,0.00507,0.155,0.584,102.331,4
spotify:track:6QlSPjiXHc1XwGKeEls6Gh,"Echo","Charm","Clairo",2024-07-12,229853,63,false,,2025-08-04T02:26:53Z,"bedroom pop","Clairo",0.56,0.705,6,-5.676,0,0.0258,0.604,0.938,0.403,0.199,112.501,4
spotify:track:4JLBaHFkjxnbf9X0D8G3zQ,"Glory of the Snow","Charm","Clairo",2024-07-12,170832,62,false,,2025-08-04T02:26:52Z,"bedroom pop","Clairo",0.731,0.55,5,-8.715,0,0.0376,0.735,0.367,0.103,0.588,117.995,4
spotify:track:3lnEcmIHlkeqcgDiZ5cgN3,"Pier 4","Charm","Clairo",2024-07-12,205072,60,false,,2025-08-04T02:26:52Z,"bedroom pop","Clairo",0.614,0.266,4,-12.616,1,0.0293,0.94,0.217,0.115,0.159,76.771,4
spotify:track:6FcDxtnGfsYHOcGkXN2OIG,"Add Up My Love","Charm","Clairo",2024-07-12,205263,71,false,,2025-08-04T02:26:51Z,"bedroom pop","Clairo",0.715,0.621,8,-6.761,1,0.027,0.17,0.0011,0.111,0.769,104.964,4
spotify:track:0mMlo76aVZHpuvoR6fjBSK,"Thank You","Charm","Clairo",2024-07-12,205069,64,false,,2025-08-04T02:26:49Z,"bedroom pop","Clairo",0.787,0.579,8,-6.009,1,0.0292,0.604,0.292,0.0839,0.693,106.401,4
spotify:track:32fwe7MW5koort1Ua3YFx6,"Terrapin","Charm","Clairo",2024-07-12,180289,68,false,,2025-08-04T02:26:49Z,"bedroom pop","Clairo",0.582,0.441,4,-7.394,1,0.0452,0.231,0.74,0.188,0.469,136.932,4
spotify:track:2qmmnbJ9JR3f7vofbyje5r,"Slow Dance","Charm","Clairo",2024-07-12,234853,78,false,,2025-08-04T02:26:48Z,"bedroom pop","Clairo",0.727,0.534,2,-8.444,1,0.0297,0.72,0.0186,0.0977,0.598,84.007,4
spotify:track:7cFwopK7QTOgaEwF9JgipA,"Second Nature","Charm","Clairo",2024-07-12,227409,68,false,,2025-08-04T02:26:47Z,"bedroom pop","Clairo",0.762,0.379,2,-8.847,1,0.0338,0.446,0.093,0.189,0.561,78.505,4
spotify:track:4WJPxTsvWIdRZ9vMtqk7fj,"Nomad","Charm","Clairo",2024-07-12,225572,63,false,,2025-08-04T02:26:46Z,"bedroom pop","Clairo",0.51,0.453,8,-11.172,1,0.0313,0.901,0.0000749,0.152,0.269,83.044,4
spotify:track:3awweDjWIuXNMogMClJnvE,"Sexy to Someone","Charm","Clairo",2024-07-12,207795,72,false,,2025-08-04T02:26:46Z,"bedroom pop","Clairo",0.716,0.545,0,-6.949,0,0.0329,0.352,0.00369,0.101,0.826,98.23,4
spotify:track:6kp9czhrGZrP0hr9Y6opEr,"Soren","Loveworm","beabadoobee",2019-04-26,241944,60,false,,2025-08-04T02:26:18Z,"bedroom pop","Dirty Hit",0.59,0.264,6,-10.354,1,0.0323,0.799,0.00155,0.0506,0.149,117.984,3
spotify:track:12GFkeuAGEMNk6q6iul7qF,"You Lie All The Time","Loveworm","beabadoobee",2019-04-26,251290,53,false,,2025-08-04T02:26:17Z,"bedroom pop","Dirty Hit",0.546,0.99,5,-5.707,1,0.0616,0.000915,0.305,0.35,0.663,137.956,4
spotify:track:5GP8cNzgiMG5Sm8of4zQ6c,"Ceilings","Loveworm","beabadoobee",2019-04-26,239975,53,false,,2025-08-04T02:26:16Z,"bedroom pop","Dirty Hit",0.402,0.419,2,-11.966,1,0.0273,0.557,0.154,0.182,0.0866,153.468,3
spotify:track:6mZPt7IcgSaqk5H4NX9a6f,"Angel","Loveworm","beabadoobee",2019-04-26,193253,54,true,,2025-08-04T02:26:16Z,"bedroom pop","Dirty Hit",0.439,0.618,2,-7.305,1,0.0323,0.0947,0.272,0.11,0.234,160.002,4
spotify:track:0oS6978exXanyIZJD4cdgV,"1999","Loveworm","beabadoobee",2019-04-26,191129,58,true,,2025-08-04T02:26:15Z,"bedroom pop","Dirty Hit",0.575,0.578,2,-7.73,1,0.0309,0.383,0.527,0.291,0.126,129.981,3
spotify:track:1vKPCcclqSIHpMIh4YieQG,"Disappear","Loveworm","beabadoobee",2019-04-26,248883,51,true,,2025-08-04T02:26:14Z,"bedroom pop","Dirty Hit",0.583,0.692,1,-6.146,1,0.0278,0.0353,0.000785,0.0712,0.485,142.031,4
spotify:track:68SSN8C0cJmUEXJkGyNYqe,"You’re here that’s the thing","Beatopia","beabadoobee",2022-07-15,198600,68,false,,2025-08-04T02:26:07Z,"bedroom pop","Dirty Hit",0.677,0.404,0,-9.205,1,0.0422,0.745,0.0000082,0.105,0.251,108.008,4
spotify:track:2pm4A5nkkA8Cf4NcFEUzVE,"tinkerbell is overrated feat. PinkPantheress","Beatopia","beabadoobee;PinkPantheress",2022-07-15,228466,58,false,,2025-08-04T02:26:06Z,"bedroom pop","Dirty Hit",0.526,0.745,0,-5.789,1,0.0349,0.119,0.0000448,0.203,0.336,159.096,4
spotify:track:60aYO1uRqTkGltYtaMFPxy,"Don’t get the deal","Beatopia","beabadoobee",2022-07-15,220693,59,false,,2025-08-04T02:26:05Z,"bedroom pop","Dirty Hit",0.389,0.839,2,-5.806,1,0.0442,0.00536,0.0000281,0.0483,0.636,132.537,4
spotify:track:4Bg0jUvMb30sfvAeqcSnaz,"fairy song","Beatopia","beabadoobee",2022-07-15,164066,54,false,,2025-08-04T02:26:04Z,"bedroom pop","Dirty Hit",0.535,0.701,2,-6.462,1,0.0277,0.0308,0.00341,0.0537,0.441,78.004,4
spotify:track:2qkb3hhx8iCBvYzX9SvVxj,"Lovesong","Beatopia","beabadoobee",2022-07-15,245426,66,false,,2025-08-04T02:26:03Z,"bedroom pop","Dirty Hit",0.479,0.369,5,-10.171,1,0.0282,0.659,0.0808,0.106,0.233,127.822,4
spotify:track:2VL573wd9nlqXYHaQoFXfV,"Pictures of Us","Beatopia","beabadoobee",2022-07-15,279306,58,false,,2025-08-04T02:26:03Z,"bedroom pop","Dirty Hit",0.495,0.794,2,-6.712,1,0.0303,0.346,0.45,0.117,0.193,120.179,4
spotify:track:4tf04WrZTy60CawyvueIdK,"Talk","Beatopia","beabadoobee",2022-07-15,158293,68,false,,2025-08-04T02:26:01Z,"bedroom pop","Dirty Hit",0.451,0.97,0,-4.858,1,0.0605,0.000372,0.105,0.222,0.532,113.39,4
spotify:track:77cuLtsUljaHBNpG89GpqE,"broken cd","Beatopia","beabadoobee",2022-07-15,170280,59,false,,2025-08-04T02:26:00Z,"bedroom pop","Dirty Hit",0.533,0.253,5,-12.698,1,0.0306,0.846,0.155,0.66,0.299,103.585,4
spotify:track:4Gy8ZglxsvsIX04R5PWY7U,"See you Soon","Beatopia","beabadoobee",2022-07-15,206600,60,false,,2025-08-04T02:25:59Z,"bedroom pop","Dirty Hit",0.593,0.544,2,-7.644,1,0.0257,0.476,0.602,0.324,0.112,103.989,4
spotify:track:0SIrEgMzTSWzFoT272mk2X,"Ripples","Beatopia","beabadoobee",2022-07-15,187813,73,false,,2025-08-04T02:25:59Z,"bedroom pop","Dirty Hit",0.317,0.262,6,-10.469,0,0.0357,0.786,0.00142,0.0995,0.355,119.505,3
spotify:track:12UQIJePnGeLmpVReYpG2w,"Sunny day","Beatopia","beabadoobee",2022-07-15,160493,69,false,,2025-08-04T02:25:58Z,"bedroom pop","Dirty Hit",0.751,0.595,6,-6.422,0,0.0274,0.209,0.00268,0.0881,0.713,92.999,4
spotify:track:2HnZ0YqhP2BxYQUhCd9Zov,"Beatopia Cultsong","Beatopia","beabadoobee",2022-07-15,151893,51,false,,2025-08-04T02:25:57Z,"bedroom pop","Dirty Hit",0.214,0.384,2,-15.088,1,0.0513,0.679,0.86,0.0769,0.0689,167.981,4
spotify:track:0P4OHmZ7t092na79ElH7F5,"10:36","Beatopia","beabadoobee",2022-07-15,195066,65,false,,2025-08-04T02:25:57Z,"bedroom pop","Dirty Hit",0.611,0.928,2,-4.543,1,0.0408,0.000945,0.0171,0.0667,0.835,127.998,4
spotify:track:09qNOVfxhuBsZC6XVreQ49,"This Is How It Went","This Is How Tomorrow Moves","beabadoobee",2024-08-09,214666,60,false,,2025-08-04T02:25:46Z,"bedroom pop","Dirty Hit",0.562,0.381,8,-8.602,1,0.0361,0.79,0,0.106,0.488,149.952,3
spotify:track:4xssSk3Jt67ONnLeQMJ7a4,"The Man Who Left Too Soon","This Is How Tomorrow Moves","beabadoobee",2024-08-09,109240,55,false,,2025-08-04T02:25:45Z,"bedroom pop","Dirty Hit",0.639,0.311,1,-10.554,1,0.048,0.799,0.000518,0.241,0.65,118.965,4
spotify:track:6GqMDizZdvEP8ASFTuK4B7,"Everything I Want","This Is How Tomorrow Moves","beabadoobee",2024-08-09,191240,60,false,,2025-08-04T02:25:43Z,"bedroom pop","Dirty Hit",0.53,0.361,7,-9.357,1,0.03,0.842,0.0000596,0.142,0.488,73.888,4
spotify:track:3iumIu1ZrzJV3E1q2wBvbJ,"A Cruel Affair","This Is How Tomorrow Moves","beabadoobee",2024-08-09,152040,57,false,,2025-08-04T02:25:42Z,"bedroom pop","Dirty Hit",0.642,0.692,2,-7.862,1,0.0387,0.0632,0.000771,0.863,0.589,122.066,4
spotify:track:6wpcfnVXNj4705DPx2aqvs,"Post","This Is How Tomorrow Moves","beabadoobee",2024-08-09,161000,57,false,,2025-08-04T02:25:42Z,"bedroom pop","Dirty Hit",0.485,0.862,0,-5.084,1,0.0478,0.00819,0.0000734,0.183,0.348,79.996,4
spotify:track:505HhtdgN8lynQcJQCcIiD,"Ever Seen","This Is How Tomorrow Moves","beabadoobee",2024-08-09,203760,63,false,,2025-08-04T02:25:41Z,"bedroom pop","Dirty Hit",0.483,0.71,1,-6.264,1,0.0298,0.264,0.00804,0.142,0.478,156.107,4
spotify:track:37G7NBSwMiZfi3Swzgh4rW,"Girl Song","This Is How Tomorrow Moves","beabadoobee",2024-08-09,236333,58,false,,2025-08-04T02:25:40Z,"bedroom pop","Dirty Hit",0.487,0.215,9,-11.008,1,0.0341,0.952,0.0000158,0.108,0.414,124.132,4
spotify:track:36FgNo5lmrUUSrDqXJLsrz,"Coming Home","This Is How Tomorrow Moves","beabadoobee",2024-08-09,135840,64,false,,2025-08-04T02:25:40Z,"bedroom pop","Dirty Hit",0.415,0.319,4,-7.709,1,0.0457,0.724,0,0.265,0.684,203.506,3
spotify:track:0lFB606QmOZ6Lbd6ODhJ0P,"One Time","This Is How Tomorrow Moves","beabadoobee",2024-08-09,184600,62,false,,2025-08-04T02:25:38Z,"bedroom pop","Dirty Hit",0.529,0.705,2,-5.643,0,0.0253,0.0186,0.000043,0.163,0.786,79.497,4
spotify:track:41p0SKMKiDWjkPfUV8G8xu,"Tie My Shoes","This Is How Tomorrow Moves","beabadoobee",2024-08-09,178000,58,false,,2025-08-04T02:25:38Z,"bedroom pop","Dirty Hit",0.614,0.43,7,-8.275,1,0.0258,0.665,0.00128,0.105,0.487,142.115,4
spotify:track:6GDd1lZ0zp5pB6JleN5Xzx,"California","This Is How Tomorrow Moves","beabadoobee",2024-08-09,172293,67,false,,2025-08-04T02:25:37Z,"bedroom pop","Dirty Hit",0.697,0.632,9,-5.288,1,0.0305,0.0135,0,0.0502,0.452,112.058,4
spotify:track:1GClDyMiSLrpzjzwIfWRIa,"Take A Bite","This Is How Tomorrow Moves","beabadoobee",2024-08-09,158866,73,false,,2025-08-04T02:25:36Z,"bedroom pop","Dirty Hit",0.537,0.631,0,-6.558,1,0.0263,0.0453,0.003,0.325,0.491,91.007,4
spotify:track:0OpC8hRrbsh24taKOsQBEX,"Real Man","This Is How Tomorrow Moves","beabadoobee",2024-08-09,160600,79,false,,2025-08-04T02:25:22Z,"bedroom pop","Dirty Hit",0.555,0.745,10,-5.94,0,0.0342,0.636,0,0.146,0.442,129.986,4
spotify:track:5qaM8LJZw7Xy0yyrxpOelX,"Without Me","Another One","Mac DeMarco",2015-08-07,177196,58,false,,2025-08-04T02:25:04Z,"indie,lo-fi indie","Captured Tracks",0.516,0.584,1,-7.612,1,0.0404,0.489,0.228,0.271,0.573,161.738,4
spotify:track:1Ijh9lrbGPUj1tui7OGpnB,"A Heart Like Hers","Another One","Mac DeMarco",2015-08-07,241860,63,false,,2025-08-04T02:25:03Z,"indie,lo-fi indie","Captured Tracks",0.56,0.381,1,-8.503,1,0.0291,0.799,0.000142,0.125,0.558,147.431,4
spotify:track:1UnpwO2iy4KXj93e6Q1UYE,"I've Been Waiting for Her","Another One","Mac DeMarco",2015-08-07,167250,52,false,,2025-08-04T02:25:03Z,"indie,lo-fi indie","Captured Tracks",0.721,0.609,4,-7.904,1,0.036,0.581,0.0102,0.128,0.814,130.371,4
spotify:track:2DGPkG2lOUG950TNTZ5KyO,"Just to Put Me Down","Another One","Mac DeMarco",2015-08-07,198093,47,false,,2025-08-04T02:25:02Z,"indie,lo-fi indie","Captured Tracks",0.614,0.745,8,-7.35,0,0.0713,0.766,0.00165,0.219,0.558,79.953,4
spotify:track:63q9LqTK5iiZLy3cTvLMUf,"Another One","Another One","Mac DeMarco",2015-08-07,160991,70,false,,2025-08-04T02:25:01Z,"indie,lo-fi indie","Captured Tracks",0.694,0.407,1,-10.325,0,0.0276,0.823,0.021,0.106,0.719,147.682,4
spotify:track:22YaLT8M1Mnez2kVirzlkp,"The Way You'd Love Her","Another One","Mac DeMarco",2015-08-07,156430,56,false,,2025-08-04T02:25:00Z,"indie,lo-fi indie","Captured Tracks",0.641,0.501,1,-9.333,1,0.0226,0.589,0.0599,0.335,0.935,92.181,4
spotify:track:6m9nww1dgb0BhrGBnSbyDv,"Jonny's Odyssey","Salad Days","Mac DeMarco",2014-04-01,158139,47,false,,2025-08-04T02:24:39Z,"indie,lo-fi indie","Captured Tracks",0.681,0.367,8,-11.284,0,0.0455,0.171,0.678,0.111,0.188,89.306,4
spotify:track:2ypibq9nMJtHCNLyNUubJj,"Go Easy","Salad Days","Mac DeMarco",2014-04-01,204901,51,false,,2025-08-04T02:24:38Z,"indie,lo-fi indie","Captured Tracks",0.332,0.785,4,-7.136,1,0.148,0.285,0.106,0.301,0.534,152.605,4
spotify:track:508eAloKwV2WF4Agk94rQB,"Passing Out Pieces","Salad Days","Mac DeMarco",2014-04-01,167090,59,false,,2025-08-04T02:24:37Z,"indie,lo-fi indie","Captured Tracks",0.417,0.73,5,-6.776,1,0.0368,0.000584,0.00000431,0.0766,0.423,81.181,4
spotify:track:0yzbBhKzbPnAwxT1UNKfHS,"Treat Her Better","Salad Days","Mac DeMarco",2014-04-01,229120,59,false,,2025-08-04T02:24:37Z,"indie,lo-fi indie","Captured Tracks",0.452,0.689,5,-6.194,0,0.0422,0.383,0.011,0.273,0.342,206.733,4
spotify:track:4UeeEpl4omoe9T9U1ULVL4,"Let My Baby Stay","Salad Days","Mac DeMarco",2014-04-01,248171,52,false,,2025-08-04T02:24:36Z,"indie,lo-fi indie","Captured Tracks",0.785,0.285,4,-14.635,1,0.0312,0.784,0.545,0.0995,0.634,89.88,4
spotify:track:2JPlAh94PTtjZmCs2dY0P7,"Let Her Go","Salad Days","Mac DeMarco",2014-04-01,182607,57,false,,2025-08-04T02:24:35Z,"indie,lo-fi indie","Captured Tracks",0.594,0.664,6,-7.588,1,0.0292,0.00512,0.126,0.162,0.811,111.123,4
spotify:track:7veyzFpXGgZj5Ul3TZ1lBc,"Goodbye Weekend","Salad Days","Mac DeMarco",2014-04-01,179766,53,false,,2025-08-04T02:24:35Z,"indie,lo-fi indie","Captured Tracks",0.559,0.793,2,-4.019,0,0.0346,0.174,0.021,0.329,0.604,80.081,4
spotify:track:2y5JrQefAWnrPQqYb2byTp,"Brother","Salad Days","Mac DeMarco",2014-04-01,212746,53,false,,2025-08-04T02:24:34Z,"indie,lo-fi indie","Captured Tracks",0.569,0.674,3,-5.194,0,0.0301,0.129,0.0631,0.431,0.513,93.196,4
spotify:track:6drC7tBnx8AiYfTfBmDPVO,"Blue Boy","Salad Days","Mac DeMarco",2014-04-01,126223,60,false,,2025-08-04T02:24:33Z,"indie,lo-fi indie","Captured Tracks",0.41,0.793,10,-5.848,1,0.0576,0.446,0.29,0.213,0.601,162.742,4
spotify:track:5VdaMUzoQetwxQwtWAd022,"Salad Days","Salad Days","Mac DeMarco",2014-04-01,145893,63,false,,2025-08-04T02:24:32Z,"indie,lo-fi indie","Captured Tracks",0.431,0.771,5,-7.176,1,0.0375,0.0877,0.0214,0.121,0.772,201.002,4
spotify:track:1hTo9vkhJuRkE5BGJeNfdt,"Baby Bye Bye","Here Comes The Cowboy","Mac DeMarco",2019-05-10,448653,45,false,,2025-08-04T02:24:21Z,"indie,lo-fi indie","Mac’s Record Label",0.555,0.492,8,-12.338,0,0.206,0.526,0.0354,0.143,0.672,144.506,4
spotify:track:2N16QiEd8CZoEApMGj95wo,"All Of Our Yesterdays","Here Comes The Cowboy","Mac DeMarco",2019-05-10,243659,55,false,,2025-08-04T02:24:20Z,"indie,lo-fi indie","Mac’s Record Label",0.781,0.431,2,-10.375,1,0.128,0.172,0.14,0.0823,0.57,142.923,4
spotify:track:0RhSiT2gNwrHQdI6UzFj1B,"Skyless Moon","Here Comes The Cowboy","Mac DeMarco",2019-05-10,244681,48,false,,2025-08-04T02:24:20Z,"indie,lo-fi indie","Mac’s Record Label",0.775,0.0466,4,-16.402,0,0.0349,0.889,0.0000629,0.111,0.392,127.898,4
spotify:track:1WyEXbMQLt9szrhDos1uz8,"On The Square","Here Comes The Cowboy","Mac DeMarco",2019-05-10,209393,70,false,,2025-08-04T02:24:19Z,"indie,lo-fi indie","Mac’s Record Label",0.679,0.326,4,-14.408,1,0.0283,0.694,0.181,0.147,0.386,76.715,4
spotify:track:5DMatF7gcSJ6DwUKrgAbhx,"Hey Cowgirl","Here Comes The Cowboy","Mac DeMarco",2019-05-10,135602,47,false,,2025-08-04T02:24:18Z,"indie,lo-fi indie","Mac’s Record Label",0.817,0.441,9,-11.214,1,0.0417,0.43,0.0269,0.123,0.683,143.02,4
spotify:track:0SMxKocTYMTE8C4dktdlRX,"K","Here Comes The Cowboy","Mac DeMarco",2019-05-10,213073,56,false,,2025-08-04T02:24:17Z,"indie,lo-fi indie","Mac’s Record Label",0.569,0.11,7,-17.899,0,0.0436,0.862,0.0554,0.121,0.183,151.795,4
spotify:track:6N4WUdbz6HVKy6u6JX1KqK,"Preoccupied","Here Comes The Cowboy","Mac DeMarco",2019-05-10,239645,71,false,,2025-08-04T02:24:16Z,"indie,lo-fi indie","Mac’s Record Label",0.813,0.212,8,-15.421,1,0.163,0.329,0.0725,0.123,0.482,159.062,4
spotify:track:6AkGsHilWb1yv6tGkERpMp,"Choo Choo","Here Comes The Cowboy","Mac DeMarco",2019-05-10,159469,42,false,,2025-08-04T02:24:16Z,"indie,lo-fi indie","Mac’s Record Label",0.838,0.735,10,-11.712,0,0.138,0.0669,0.334,0.165,0.945,167.956,4
spotify:track:7ixHZ5EUkPYCKScXKGaYoS,"Little Dogs March","Here Comes The Cowboy","Mac DeMarco",2019-05-10,149292,50,false,,2025-08-04T02:24:15Z,"indie,lo-fi indie","Mac’s Record Label",0.896,0.18,5,-13.657,1,0.0887,0.724,0.0226,0.109,0.254,126.163,4
spotify:track:7JyhhEb1LKIuDiHy6bWdet,"Finally Alone","Here Comes The Cowboy","Mac DeMarco",2019-05-10,144756,63,false,,2025-08-04T02:24:14Z,"indie,lo-fi indie","Mac’s Record Label",0.826,0.485,5,-10.92,1,0.0345,0.513,0.00224,0.109,0.852,96.497,4
spotify:track:1am561XPWzs1Rsa0FgR2XF,"Here Comes The Cowboy","Here Comes The Cowboy","Mac DeMarco",2019-05-10,180127,45,false,,2025-08-04T02:24:13Z,"indie,lo-fi indie","Mac’s Record Label",0.706,0.111,3,-20.481,1,0.164,0.237,0.849,0.0912,0.524,57.012,4
spotify:track:42EMSKPgulAzr4RLY65Eut,"Nobody","Here Comes The Cowboy","Mac DeMarco",2019-05-10,212460,58,false,,2025-08-04T02:24:13Z,"indie,lo-fi indie","Mac’s Record Label",0.877,0.178,3,-13.987,1,0.102,0.776,0.0193,0.107,0.442,74.997,4
spotify:track:231b1KZQe8rAhkKwtaHgFT,"Still Together","2","Mac DeMarco",2012-10-16,219370,47,false,,2025-08-04T02:24:04Z,"indie,lo-fi indie","Captured Tracks",0.629,0.159,3,-14.341,1,0.0553,0.636,0.000654,0.0673,0.283,96.703,4
spotify:track:2YIT6nRniy0DCp7xkMH2LU,"Sherrill","2","Mac DeMarco",2012-10-16,149569,45,false,,2025-08-04T02:24:03Z,"indie,lo-fi indie","Captured Tracks",0.56,0.707,11,-6.541,1,0.034,0.0842,0.00315,0.0952,0.543,80.564,4
spotify:track:0F3CwOEeaEXmiEjuK6v95d,"Boe Zaah","2","Mac DeMarco",2012-10-16,101465,44,false,,2025-08-04T02:24:02Z,"indie,lo-fi indie","Captured Tracks",0.632,0.679,8,-10.214,0,0.0619,0.303,0.911,0.264,0.834,144.802,4
spotify:track:0XxlWjcNRYhucKG6XugtoG,"Robson Girl","2","Mac DeMarco",2012-10-16,176001,51,false,,2025-08-04T02:24:01Z,"indie,lo-fi indie","Captured Tracks",0.455,0.877,7,-5.96,1,0.0493,0.0549,0.0203,0.276,0.766,178.601,4
spotify:track:4Y2YPLqWyRaED3DjvlJSui,"Annie","2","Mac DeMarco",2012-10-16,190556,49,false,,2025-08-04T02:24:00Z,"indie,lo-fi indie","Captured Tracks",0.561,0.745,1,-7.5,0,0.0395,0.098,0.443,0.135,0.57,94.469,4
spotify:track:5LRzyLUOpeNZKZaIpj7SrF,"Dreaming","2","Mac DeMarco",2012-10-16,147324,57,false,,2025-08-04T02:23:59Z,"indie,lo-fi indie","Captured Tracks",0.456,0.571,11,-8.384,1,0.0598,0.00854,0.0916,0.138,0.14,163.451,4
spotify:track:2Dgfey8RouHR9ziGmThLli,"Cooking Up Something Good","2","Mac DeMarco",2012-10-16,161042,54,false,,2025-08-04T02:23:58Z,"indie,lo-fi indie","Captured Tracks",0.751,0.442,0,-7.551,1,0.0313,0.0803,0.00141,0.123,0.851,98.068,3
spotify:track:4RpwQDPnn1GhWpZooUcCzd,"On the Level","This Old Dog","Mac DeMarco",2017-05-05,227653,67,false,,2025-08-04T02:23:52Z,"indie,lo-fi indie","Captured Tracks",0.573,0.473,8,-10.838,0,0.0269,0.0927,0.398,0.199,0.523,77.494,4
spotify:track:5Bc2A2xlkRhe3POKAFo1Rg,"A Wolf Who Wears Sheeps Clothes","This Old Dog","Mac DeMarco",2017-05-05,169066,51,true,,2025-08-04T02:23:50Z,"indie,lo-fi indie","Captured Tracks",0.828,0.538,5,-8.559,0,0.0383,0.276,0.0485,0.0828,0.701,115.046,4
spotify:track:49iNhnDmNnHYxPvEIVtPiN,"Dreams from Yesterday","This Old Dog","Mac DeMarco",2017-05-05,207160,55,false,,2025-08-04T02:23:48Z,"indie,lo-fi indie","Captured Tracks",0.857,0.368,7,-10.87,1,0.041,0.0611,0.000508,0.0703,0.723,97.509,4
spotify:track:5KW11tUGHVDBbyoPuqG4U9,"Sister","This Old Dog","Mac DeMarco",2017-05-05,78066,49,false,,2025-08-04T02:23:47Z,"indie,lo-fi indie","Captured Tracks",0.696,0.0209,11,-18.118,0,0.0608,0.985,0.102,0.109,0.481,126.146,4
spotify:track:5gC8P6NwgqxcTYnwml5q5j,"One Another","This Old Dog","Mac DeMarco",2017-05-05,166213,55,false,,2025-08-04T02:23:46Z,"indie,lo-fi indie","Captured Tracks",0.82,0.579,5,-9.601,1,0.0279,0.196,0.184,0.113,0.847,104.93,4
spotify:track:6IvKEu4YwRYba9ZG6H7MIL,"Baby You're Out","This Old Dog","Mac DeMarco",2017-05-05,157720,53,false,,2025-08-04T02:23:45Z,"indie,lo-fi indie","Captured Tracks",0.717,0.58,11,-10.52,0,0.0486,0.429,0.287,0.0947,0.553,93.001,4
spotify:track:4ewRM5SP4YhmlfKhi5uSjS,"My Old Man","This Old Dog","Mac DeMarco",2017-05-05,221653,53,false,,2025-08-04T02:23:43Z,"indie,lo-fi indie","Captured Tracks",0.658,0.575,1,-11.493,1,0.0333,0.677,0.286,0.0985,0.83,149.275,4
spotify:track:2RwOqicYzwMSuzKzHx78jm,"This Old Dog","This Old Dog","Mac DeMarco",2017-05-05,150546,59,false,,2025-08-04T02:23:33Z,"indie,lo-fi indie","Captured Tracks",0.749,0.401,3,-10.856,1,0.0389,0.219,0.0956,0.206,0.614,138.827,4
spotify:track:2ebM1Kq0ZxEBieYO8V8tTI,"Home","Holy","Mac DeMarco",2025-07-22,131906,34,false,,2025-08-04T02:23:22Z,"indie,lo-fi indie","Mac Demarco, LLC",0.782,0.202,9,-13.626,1,0.0398,0.815,0.00122,0.136,0.478,124.72,4
spotify:track:4nMOT4Bxu0PA7f5Ktawlab,"Holy","Holy","Mac DeMarco",2025-07-22,144773,46,false,,2025-08-04T02:23:17Z,"indie,lo-fi indie","Mac Demarco, LLC",0.898,0.323,4,-14.714,1,0.0492,0.543,0.277,0.0863,0.655,135.946,4
spotify:track:5sA3i6SGkILMiZW6Fhx4wv,"the way things go","the way things go","beabadoobee",2023-07-18,187800,77,false,,2025-08-04T02:23:05Z,"bedroom pop","Dirty Hit",0.528,0.513,9,-8.266,1,0.0306,0.848,0.0127,0.326,0.463,131.952,4
spotify:track:69Kzq3FMkDwiSFBQzRckFD,"This Night Has Opened My Eyes - 2011 Remaster","Hatful of Hollow","The Smiths",1984,221533,76,false,,2025-08-04T02:22:26Z,"new wave,madchester,jangle pop","WM UK",0.696,0.628,2,-8.407,1,0.0274,0.00102,0.428,0.272,0.701,100.038,4
spotify:track:3M2bD9SMYnJIPdrTKUnBd3,"I Know It's Over - 2011 Remaster","The Queen Is Dead","The Smiths",1986-06-16,349186,75,false,,2025-08-04T02:22:23Z,"new wave,madchester,jangle pop","WM UK",0.407,0.424,0,-10.583,1,0.0318,0.0847,0,0.234,0.404,113.311,3
spotify:track:2LMkwUfqC6S6s6qDVlEuzV,"White Ferrari","Blonde","Frank Ocean",2016-08-20,248807,86,false,,2025-08-04T02:22:07Z,"","Boys Don't Cry",0.501,0.0958,0,-15.605,1,0.0433,0.77,0,0.298,0.204,108.741,4
spotify:track:709p9UGPAuyImWf1Z3vjRo,"Let You Break My Heart Again","Let You Break My Heart Again","Laufey;Philharmonia Orchestra",2021-08-13,269066,81,false,,2025-08-04T02:21:45Z,"opera,classical,orchestral","Laufey",0.299,0.142,2,-15.134,1,0.0369,0.965,0.113,0.111,0.123,76.748,4
spotify:track:08PdFBcXzpkn1cWNgmKqhn,"Promise","Bewitched","Laufey",2023-09-08,234266,82,false,,2025-08-04T02:21:39Z,"","Laufey",0.263,0.112,5,-16.55,1,0.0344,0.935,0.000085,0.0565,0.0903,76.244,4
spotify:track:6dWilYAxP2aJbTTt0UsatK,"Lover Girl","Lover Girl","Laufey",2025-06-25,164400,77,false,,2025-08-04T02:21:29Z,"","Vingolf Recordings",0.658,0.447,11,-7.225,1,0.155,0.836,0,0.0752,0.899,87.907,4
spotify:track:4KGGeE7RJsgLNZmnxGFlOj,"Falling Behind","Everything I Know About Love","Laufey",2022-08-26,173640,82,false,,2025-08-04T02:21:23Z,"","Laufey",0.449,0.353,7,-12.986,1,0.0915,0.942,0.0786,0.109,0.55,165.888,4
spotify:track:43iIQbw5hx986dUEZbr3eN,"From The Start","Bewitched","Laufey",2023-09-08,169573,88,false,,2025-08-04T02:21:10Z,"","Laufey",0.554,0.339,1,-10.088,1,0.0779,0.886,0.00128,0.11,0.83,80.994,4
spotify:track:3yrvQHw6pQemsrCQEpMnKv,"Ain't It Fun","Paramore (Deluxe Edition)","Paramore",2013-04-09,296520,66,false,,2025-08-04T02:20:47Z,"pop punk,emo","Fueled By Ramen",0.61,0.893,9,-3.681,1,0.0921,0.154,0.0000441,0.021,0.673,104.031,4
spotify:track:1ucnuV88gFTfR3BalmznDk,"Lover Is a Day","wannabewithu","Cuco",2016-07-09,456000,77,true,,2025-08-03T22:28:53Z,"bedroom pop","Cuco",0.404,0.647,3,-10.452,1,0.0409,0.0434,0.198,0.1,0.351,180.128,4
spotify:track:3zEN0ii6s4DHHBpnTp3RP7,"We Are The People","Walking On A Dream (10th Anniversary Edition)","Empire Of The Sun",2008-10-03,267373,91,false,,2025-08-03T05:00:49Z,"","EMI Recorded Music Australia Pty Ltd",0.675,0.781,4,-5.404,0,0.0306,0.0801,0.0143,0.422,0.534,122.989,4
spotify:track:5r5cp9IpziiIsR6b93vcnQ,"Walking On A Dream","Walking On A Dream (10th Anniversary Edition)","Empire Of The Sun",2008-10-03,198440,89,false,,2025-08-03T05:00:36Z,"","EMI Recorded Music Australia Pty Ltd",0.871,0.701,5,-5.594,0,0.0458,0.257,0.00000752,0.0589,0.716,126.975,4
spotify:track:76JKIsdKrAfWUMjaA0u7v5,"Too Sweet","Unreal Unearth: Unaired","Hozier",2024-08-19,251424,82,false,,2025-08-02T21:50:11Z,"","Columbia",0.741,0.62,10,-5.505,1,0.0412,0.0295,0.000809,0.0398,0.934,117.038,4
spotify:track:3VCXx37jNGNOMns6z2OnvJ,"Swing Lynn","I'm Sure","Harmless",2012-08-14,321438,78,false,,2025-08-02T21:49:10Z,"","Nettwerk Music Group",0.464,0.945,2,-1.815,1,0.0401,0.0506,0.756,0.112,0.453,165.177,4
spotify:track:5cOyxjetBT7kRnqL68madd,"Kiss Me More (feat. SZA)","Planet Her (Deluxe)","Doja Cat;SZA",2021-06-27,208666,54,true,,2025-08-02T19:35:16Z,"r&b","Kemosabe Records/RCA Records",0.764,0.705,8,-3.463,1,0.0284,0.259,0.0000892,0.12,0.781,110.97,4
spotify:track:7JEzAlwHhCD2M1cYE6BeqJ,"Loving Machine","Who Really Cares","TV Girl",2016-02-25,227000,83,false,,2025-08-02T18:49:06Z,"","TV Girl",0.58,0.69,0,-9.52,1,0.0267,0.568,0.0221,0.226,0.922,89.981,4
spotify:track:6MAdEUilV2p9RQUqE5bMAK,"Domino","Who You Are (Platinum Edition)","Jessie J",2011-01-01,231693,72,false,,2025-08-01T23:01:51Z,"","Lava Music/Republic Records",0.757,0.547,7,-4.572,1,0.0355,0.0115,0,0.0445,0.793,126.974,4
spotify:track:5jzKL4BDMClWqRguW5qZvh,"Teenage Dream","Teenage Dream","Katy Perry",2010-01-01,227741,79,false,,2025-08-01T23:01:30Z,"pop","Capitol Records",0.719,0.798,10,-4.582,1,0.0361,0.0162,0.00000234,0.134,0.591,120.012,4
spotify:track:3avYqdwHKEq8beXbeWCKqJ,"Last Friday Night (T.G.I.F.)","Teenage Dream","Katy Perry",2010-01-01,230733,82,false,,2025-08-01T23:01:10Z,"pop","Capitol Records",0.652,0.81,3,-3.789,0,0.0406,0.00129,0.0000291,0.667,0.732,126.022,4
spotify:track:3TGRqZ0a2l1LRblBkJoaDx,"Call Me Maybe","Kiss (Deluxe)","Carly Rae Jepsen",2012-01-01,193400,79,false,,2025-08-01T23:00:28Z,"","Silent Records IGA",0.782,0.58,7,-6.548,1,0.0407,0.0114,0.00000228,0.108,0.66,120.021,4
spotify:track:5EJA7Rwkeuvm98CZg0XXNO,"What Would I Do?","What Would I Do?","Strawberry Guy",2019-07-22,234000,73,false,,2025-07-31T19:53:34Z,"bedroom pop","Melodic",0.539,0.461,11,-7.674,1,0.0279,0.457,0.903,0.072,0.436,128.635,4
spotify:track:1a19jsjG2DvbN1fVJonKUU,"Beaches","This Is How Tomorrow Moves","beabadoobee",2024-08-09,230053,82,false,,2025-07-31T05:59:53Z,"bedroom pop","Dirty Hit",0.417,0.812,10,-3.979,1,0.0332,0.0154,0.0000211,0.189,0.419,82.002,4
spotify:track:221eHga9f9Ne4f8D7WVgPT,"Mystical Magical","Mystical Magical","Benson Boone",2025-04-24,165746,78,false,,2025-07-30T21:47:09Z,"","Night Street Records, Inc./Warner Records Inc.",0.671,0.697,11,-3.851,1,0.116,0.19,0,0.393,0.848,119.867,4
spotify:track:2mWfVxEo4xZYDaz0v7hYrN,"Juna","Charm","Clairo",2024-07-12,195109,80,false,,2025-07-29T22:08:30Z,"bedroom pop","Clairo",0.606,0.714,3,-6.244,1,0.0339,0.238,0.098,0.106,0.448,141.512,4
spotify:track:0v8J17a6cO0wWp7z731GTd,"One More Love Song","This Old Dog","Mac DeMarco",2017-05-05,241066,69,false,,2025-07-29T16:41:16Z,"indie,lo-fi indie","Captured Tracks",0.708,0.323,9,-11.199,0,0.03,0.765,0.52,0.0939,0.502,141.013,4
spotify:track:6Hzle86uYcpy3QkcCmMKgE,"Dream, Ivory","Dream, Ivory","Dream, Ivory",2017-03-09,188265,63,false,,2025-07-29T16:40:28Z,"","Dream, Ivory LLC",0.535,0.568,1,-4.829,1,0.0285,0.0796,0.331,0.07,0.193,120.051,4
spotify:track:14tud1FLjpHMYHpD2c7NbO,"i'll die anyway.","i'll die anyway.","girl in red",2019-07-17,192612,65,false,,2025-07-29T03:54:08Z,"bedroom pop","world in red",0.473,0.626,0,-6.887,1,0.0288,0.000427,0.578,0.0786,0.172,157.912,4
spotify:track:58ge6dfP91o9oXMzq3XkIS,"505","Favourite Worst Nightmare (Standard Version)","Arctic Monkeys",2007-04-24,253586,85,false,,2025-07-29T03:46:54Z,"indie,garage rock","Domino/Warner Records",0.52,0.852,0,-5.866,1,0.0543,0.00237,0.0000579,0.0733,0.234,140.267,4
spotify:track:7w87IxuO7BDcJ3YUqCyMTT,"Pumped Up Kicks","Torches","Foster The People",2011-05-23,239600,89,false,,2025-07-29T03:46:47Z,"","Columbia",0.733,0.71,5,-5.849,0,0.0292,0.145,0.115,0.0956,0.965,127.975,4
spotify:track:57RA3JGafJm5zRtKJiKPIm,"Are You Bored Yet? (feat. Clairo)","Nothing Happens","Wallows;Clairo",2019-03-22,178000,80,false,,2025-07-29T03:46:21Z,"indie,bedroom pop","Atlantic Records",0.682,0.683,8,-6.444,0,0.0287,0.156,0.0000232,0.273,0.64,120.023,4
spotify:track:6Jv7kjGkhY2fT4yuBF3aTz,"Lover, You Should've Come Over","Grace","Jeff Buckley",1994,404213,86,false,,2025-07-29T03:37:29Z,"","Columbia/Legacy",0.387,0.595,2,-5.67,1,0.0389,0.361,0.000011,0.174,0.151,119.38,3
spotify:track:6WZjjf4mKurHPC5BhdGwet,"Ode to Viceroy","2","Mac DeMarco",2012-10-16,233817,62,false,,2025-07-29T03:26:19Z,"indie,lo-fi indie","Captured Tracks",0.515,0.633,2,-6.305,1,0.05,0.208,0.014,0.115,0.31,94.562,4
spotify:track:7aQjPecQdIuNd1sz3KCDhD,"Lovefool","First Band On The Moon (Remastered)","The Cardigans",1996-01-01,193953,86,false,,2025-07-29T03:25:38Z,"swedish pop","Universal Music AB",0.704,0.636,9,-6.029,1,0.0252,0.0344,0,0.35,0.89,111.845,4
spotify:track:6BcluiPypVz8K7UFkueig8,"The Color Violet","The Color Violet","Tory Lanez",2021-12-10,226466,52,false,,2025-07-29T03:25:24Z,"","One Umbrella Records",0.645,0.534,6,-10.8,0,0.0479,0.157,0,0.0863,0.463,105.02,4
spotify:track:3W7KHojYGgYaoX9ogKO9hU,"Nothing's Gonna Hurt You Baby","I.","Cigarettes After Sex",2012-07-21,286293,84,false,,2025-07-29T03:25:10Z,"dream pop","Spanish Prayers",0.509,0.331,4,-14.083,1,0.0267,0.272,0.136,0.114,0.0957,96.848,4
spotify:track:5frIKPPZpsKYguxGCKs9xT,"migraine","romanticism","jaydes",2022-04-30,31582,68,true,,2025-07-29T03:25:01Z,"","jaydes",0.557,0.448,9,-8.719,1,0.0309,0.722,0.518,0.22,0.837,91.573,4
spotify:track:4dtP86vkhzwNXCFpCtizce,"Secret Door","Humbug","Arctic Monkeys",2009-08-20,223066,76,true,,2025-07-29T03:24:51Z,"indie,garage rock","Domino Recording Co",0.323,0.806,7,-6.554,0,0.0769,0.0314,0.0000111,0.181,0.548,124.615,4
spotify:track:56KPaXhRx8U6YB2stCJEgY,"The Stars Keep On Calling My Name","2","Mac DeMarco",2012-10-16,142769,56,false,,2025-07-29T03:24:24Z,"indie,lo-fi indie","Captured Tracks",0.686,0.721,7,-5.757,1,0.0349,0.0275,0.0104,0.36,0.614,136.635,4
spotify:track:6me7F0aaZjwDo6RJ5MrfBD,"Evergreen","RMCM","Richy Mitch & The Coal Miners",2017-05-17,87000,83,false,,2025-07-29T03:21:32Z,"","Richy Mitch & The Coal Miners",0.555,0.216,3,-11.661,1,0.0721,0.557,0.00416,0.109,0.504,79.109,3
spotify:track:755inykyaG4w22GWAsA3MX,"Marlboro Nights","Marlboro Nights","Lonely God",2018-06-28,68522,71,false,,2025-07-29T03:21:25Z,"","Pizzaslime Records",0.466,0.823,2,-6.635,1,0.311,0.00237,0.000321,0.332,0.782,175.797,4
spotify:track:2mOp5BSfbZrf4tunZ5mPit,"Loverboy","Helios","A-Wall",2021-08-27,224520,49,false,,2025-07-29T03:21:12Z,"bedroom pop","Duetti",0.602,0.475,0,-9.989,1,0.032,0.638,0.0392,0.0907,0.502,120.051,4
spotify:track:4p9iQNEmsIGkB6eG8Val8n,"Mary","Trick","Alex G",2012-11-05,197733,72,true,,2025-07-29T03:21:06Z,"","Lucky Number",0.693,0.467,4,-9.558,0,0.043,0.0497,0.452,0.107,0.402,105.955,4
spotify:track:06iuzVAiyOTXKJDZiVuPW4,"did i tell u that i miss u","did i tell u that i miss u","adore",2024-05-01,115921,77,false,,2025-07-29T03:20:48Z,"","broke",0.575,0.748,9,-8.729,1,0.0357,0.165,0.79,0.343,0.236,111.776,4
spotify:track:3AJwUDP919kvQ9QcozQPxg,"Yellow","Parachutes","Coldplay",2000-07-10,266773,93,false,,2025-07-29T03:20:43Z,"","Parlophone UK",0.429,0.661,11,-7.227,1,0.0281,0.00239,0.000121,0.234,0.285,173.372,4
spotify:track:7H0ya83CMmgFcOhw0UB6ow,"Space Song","Depression Cherry","Beach House",2015-08-28,320466,79,false,,2025-07-29T03:20:38Z,"dream pop","Sub Pop Records",0.508,0.792,0,-7.311,0,0.0297,0.229,0.124,0.145,0.601,147.067,4
spotify:track:0j3mqDTK4Z6lvrLzFCUUz6,"Good Looking","Good Looking","Suki Waterhouse",2022-08-18,214800,11,false,,2025-07-29T03:20:32Z,"","Sub Pop Records",0.365,0.554,4,-9.076,1,0.03,0.079,0.000358,0.125,0.259,150.11,3
spotify:track:4HuiEuJ7ZW8jewUuZBg6sk,"Sarah","Trick","Alex G",2012-11-05,176146,74,false,,2025-07-29T03:20:29Z,"","Lucky Number",0.65,0.686,4,-5.198,0,0.0314,0.513,0.000189,0.138,0.497,124.019,4
spotify:track:63OQupATfueTdZMWTxW03A,"Karma Police","OK Computer","Radiohead",1997-05-28,264066,82,false,,2025-07-29T03:20:24Z,"art rock,alternative rock","XL Recordings",0.36,0.501,7,-9.129,1,0.0258,0.0638,0.0000932,0.172,0.324,74.807,4
spotify:track:0widrZ6KVNuIPhbM1rWPDR,"Pop Star","Sexy","Coco & Clair Clair",2022-11-04,184222,65,true,,2025-07-29T03:20:17Z,"","Nice Girl World via Alternate Side and Many Hats Distribution",0.891,0.67,0,-7.256,1,0.135,0.203,0.00273,0.11,0.938,128.046,4
spotify:track:0yuAWlxq59xT3agQ965OxE,"Sunsetz","Cigarettes After Sex","Cigarettes After Sex",2017-06-09,214680,86,false,,2025-07-29T03:20:08Z,"dream pop","Partisan Records",0.412,0.477,9,-9.381,0,0.029,0.0542,0.798,0.0975,0.141,75.302,4
spotify:track:4Qoyylq2zm3eBpENMQ59Xu,"20180701","One Wayne G","Mac DeMarco",2023-04-21,125614,44,false,,2025-07-29T03:12:57Z,"indie,lo-fi indie","Mac DeMarco, LLC",0.712,0.457,1,-13.693,1,0.0342,0.706,0.717,0.105,0.761,93.045,4
spotify:track:7D0IY61gt3NAYBBRbq0BID,"i walk this earth all by myself","i walk this earth all by myself","EKKSTACY",2021-03-05,145634,63,true,,2025-07-29T03:11:34Z,"","Ekkstacy",0.595,0.588,10,-11.313,1,0.0624,0.507,0.781,0.113,0.518,166.061,4
spotify:track:16gJmoOqRt2lKmlXtDpWgH,"Cariño","Superclean, Vol. II","The Marías",2018-09-28,258713,75,false,,2025-07-27T19:55:27Z,"bedroom pop","Superclean Records",0.646,0.47,0,-10.697,0,0.0284,0.4,0.0348,0.11,0.651,113.995,4
spotify:track:0InIeZW4P6VO7dUGRM4AKH,"Sienna","Submarine","The Marías",2024-05-31,224840,87,false,,2025-07-27T19:55:10Z,"bedroom pop","Nice Life/Atlantic",0.685,0.468,7,-9.405,1,0.031,0.583,0.57,0.159,0.594,147.993,4
spotify:track:0phzfJn8NeT1LkbqfV2peI,"Lejos de Ti","Submarine","The Marías",2024-05-31,179520,78,false,,2025-07-27T19:54:46Z,"bedroom pop","Nice Life/Atlantic",0.549,0.473,0,-9.908,1,0.029,0.88,0.656,0.12,0.432,81.964,4
spotify:track:1ShRHPAiiIrh0arZbSFmx1,"Heavy","CINEMA","The Marías",2021-06-25,253213,83,false,,2025-07-27T19:54:28Z,"bedroom pop","Nice Life/Atlantic",0.76,0.413,0,-8.395,1,0.0307,0.326,0.745,0.0601,0.733,96.999,4
spotify:track:3jfZ9M23l0L7RxzYMTgBTv,"Looking Out for You","Looking Out for You","Joy Again",2016-01-15,179499,80,false,,2025-07-09T23:11:51Z,"","Arista Records",0.682,0.9,9,-5.028,1,0.0874,0.0884,0.063,0.0685,0.937,100.721,4
spotify:track:4oHQ8n9OKQ3599e8noCrDX,"I Think They Call This Love","I Think They Call This Love","Elliot James Reay",2024-07-17,193573,75,false,,2025-07-09T23:11:25Z,"","Elliot James Reay LTD. under exclusive license to Interscope/EMI Records",0.682,0.564,0,-4.666,0,0.0278,0.666,0,0.259,0.485,105.222,3
spotify:track:3iBgrkexCzVuPy4O9vx7Mf,"Glue Song","Glue Song","beabadoobee",2023-02-14,135066,82,false,,2025-07-09T20:22:48Z,"bedroom pop","Dirty Hit",0.62,0.409,1,-10.146,1,0.0282,0.77,0.0542,0.105,0.582,113.946,3
spotify:track:41P6Tnd8KIHqON0QIydx6a,"the perfect pair","Beatopia","beabadoobee",2022-07-15,177533,85,false,,2025-07-09T20:22:13Z,"bedroom pop","Dirty Hit",0.634,0.663,11,-6.818,1,0.0331,0.433,0.124,0.102,0.6,146.053,4
spotify:track:2ZkWAGwx0UDKQSD9lmNecF,"Misfits T-Shirt","FLY","DREAMERS",2018-09-07,188081,48,true,,2025-07-08T04:35:21Z,"","Fairfax Recordings",0.48,0.93,1,-4.212,1,0.0691,0.000332,0.00207,0.0955,0.481,179.967,4
spotify:track:0sTlGEld0h8kIPZaKDYUf4,"Notion","Notion","The Rare Occasions",2021-12-02,195120,87,false,,2025-07-08T04:34:52Z,"","Elektra (NEK)",0.309,0.883,9,-3.825,1,0.0808,0.0673,0.00111,0.0849,0.312,159.488,4
spotify:track:13EW51DKru044OJDJ9Bm8o,"TRAGIC (feat. Youngboy Never Broke Again & Internet Money)","F*CK LOVE (SAVAGE)","The Kid LAROI;YoungBoy Never Broke Again;Internet Money",2020-11-06,153147,1,true,,2025-07-08T04:33:51Z,"","Columbia",0.779,0.642,8,-6.321,0,0.116,0.0383,0,0.2,0.388,82.363,4
spotify:track:4ZtFanR9U6ndgddUvNcjcG,"good 4 u","SOUR","Olivia Rodrigo",2021-05-21,178146,85,true,,2025-07-08T04:33:28Z,"","Olivia Rodrigo PS",0.563,0.664,9,-5.044,1,0.154,0.335,0,0.0849,0.688,166.928,4
spotify:track:6HU7h9RYOaPRFeh0R3UeAr,"deja vu","SOUR","Olivia Rodrigo",2021-05-21,215506,88,true,,2025-07-08T04:33:22Z,"","Olivia Rodrigo PS",0.442,0.612,2,-7.222,1,0.112,0.584,0.0000057,0.37,0.178,180.917,4
spotify:track:5wANPM4fQCJwkGd4rN57mH,"drivers license","SOUR","Olivia Rodrigo",2021-05-21,242013,87,true,,2025-07-08T04:33:10Z,"","Olivia Rodrigo PS",0.561,0.431,10,-8.81,1,0.0578,0.768,0.0000142,0.106,0.137,143.875,4
spotify:track:5LKkteRQ1wWv7XCIEA5F2q,"Psycho!","Psycho!","MASN",2019-01-17,197217,0,true,,2025-07-08T04:32:56Z,"","RCA Records Label",0.868,0.365,7,-9.51,1,0.0383,0.433,0,0.207,0.471,114.979,4
spotify:track:3JKgcAa7r07ocVWcV8bS0H,"21","THE GOAT","Polo G",2020-05-15,163797,73,true,,2025-07-08T04:32:45Z,"","Columbia",0.783,0.479,7,-10.646,1,0.541,0.149,0,0.101,0.533,176.027,4
spotify:track:5HCyWlXZPP0y6Gqq8TgA20,"STAY (with Justin Bieber)","STAY (with Justin Bieber)","The Kid LAROI;Justin Bieber",2021-07-09,141805,83,true,,2025-07-08T04:32:20Z,"","Columbia",0.591,0.764,1,-5.484,1,0.0483,0.0383,0,0.103,0.478,169.928,4
spotify:track:5CZ40GBx1sQ9agT82CLQCT,"traitor","SOUR","Olivia Rodrigo",2021-05-21,229226,88,false,,2025-07-08T04:31:45Z,"","Olivia Rodrigo PS",0.38,0.339,3,-7.885,1,0.0338,0.691,0,0.12,0.0849,100.607,4
spotify:track:2fuYa3Lx06QQJAm0MjztKr,"Let Down","OK Computer","Radiohead",1997-05-28,299560,89,false,,2025-07-07T20:46:29Z,"art rock,alternative rock","XL Recordings",0.351,0.676,9,-9.017,1,0.0313,0.000121,0.113,0.18,0.143,102.46,4
spotify:track:1F6IbA7di42uPc3cff8PXV,"Flaming Hot Cheetos","Flaming Hot Cheetos","Clairo",2017-06-14,123884,3,false,,2025-07-07T20:43:08Z,"bedroom pop","FADER Label",0.817,0.551,7,-9.33,0,0.133,0.865,0.000151,0.101,0.142,109.966,4
spotify:track:3zksbXteOCeSusJ5Xltr3t,"Bubble Gum","Bubble Gum","Clairo",2019-02-22,175960,74,false,,2025-07-07T20:43:00Z,"bedroom pop","Independent",0.509,0.0167,9,-24.639,1,0.115,0.979,0.0000272,0.387,0.229,207.97,3
spotify:track:6UFivO2zqqPFPoQYsEMuCc,"Bags","Immunity","Clairo",2019-08-02,260519,8,false,,2025-07-07T20:42:29Z,"bedroom pop","FADER Label",0.742,0.546,1,-7.694,1,0.0315,0.172,0.38,0.115,0.868,104.996,4
spotify:track:7B3z0ySL9Rr0XvZEAjWZzM,"Sofia","Immunity","Clairo",2019-08-02,188386,6,false,,2025-07-07T20:42:18Z,"bedroom pop","FADER Label",0.744,0.619,0,-9.805,1,0.039,0.598,0.00372,0.231,0.641,112.997,4
spotify:track:0KyAGiNGUytG5JLxJu4F6l,"Pretty Girl","Pretty Girl","Clairo",2017-08-04,178352,4,false,,2025-07-07T20:42:12Z,"bedroom pop","FADER Label",0.93,0.611,0,-4.406,1,0.0415,0.593,0.00124,0.0592,0.695,112.127,4
spotify:track:4TwaeQT1YTeBUBRB8NeSCo,"Summertime","Static & Silence","The Sundays",1997-09-22,213493,64,false,,2025-07-07T20:41:48Z,"dream pop,jangle pop","DGC",0.617,0.645,9,-7.203,1,0.0338,0.128,0.0000688,0.102,0.802,96.017,4
spotify:track:5rc7178sa2YRDlBFBHY0e8,"Stephanie","Stephanie","Nafeesisboujee",2023-09-15,126969,81,true,,2025-07-06T18:47:52Z,"","nafees's bedroom studio",0.781,0.496,0,-11.224,1,0.0409,0.0887,0,0.258,0.388,114.425,4
spotify:track:7EAMXbLcL0qXmciM5SwMh2,"Heart To Heart","Here Comes The Cowboy","Mac DeMarco",2019-05-10,211140,84,false,,2025-07-06T04:09:01Z,"indie,lo-fi indie","Mac’s Record Label",0.901,0.136,8,-16.127,0,0.102,0.667,0.354,0.109,0.643,150.076,4
spotify:track:3HlK8txWAdtKMrbsqX40pl,"Freaking Out the Neighborhood","2","Mac DeMarco",2012-10-16,173888,76,false,,2025-07-06T04:09:00Z,"indie,lo-fi indie","Captured Tracks",0.565,0.832,8,-5.751,0,0.108,0.0638,0.0288,0.386,0.847,143.303,4
spotify:track:2QzKAF0y1BQhxwg8N05Uog,"Watching Him Fade Away","This Old Dog","Mac DeMarco",2017-05-05,143080,70,false,,2025-07-06T04:08:59Z,"indie,lo-fi indie","Captured Tracks",0.74,0.072,3,-17.984,1,0.0713,0.981,0.00698,0.111,0.297,139.081,4
spotify:track:4LpUpiYoZ2M3Z1kmhn4EQo,"Still Beating","This Old Dog","Mac DeMarco",2017-05-05,181586,71,false,,2025-07-06T04:08:58Z,"indie,lo-fi indie","Captured Tracks",0.709,0.496,1,-10.528,0,0.0417,0.581,0.191,0.151,0.469,78.477,4
spotify:track:3oUn55qKRZ1JFzfQNbJjS1,"20191009 I Like Her","One Wayne G","Mac DeMarco",2023-04-21,136888,73,false,,2025-07-06T04:08:54Z,"indie,lo-fi indie","Mac DeMarco, LLC",0.873,0.252,2,-13.884,1,0.0425,0.766,0.00661,0.0978,0.599,133.983,4
spotify:track:6BJHsLiE47Sk0wQkuppqhr,"From the Start","From the Start","Good Kid",2023-11-10,150047,77,false,,2025-07-06T04:08:09Z,"","Good People Record Co.",0.573,0.803,1,-4.142,1,0.0451,0.0225,0,0.0841,0.638,92.909,4
spotify:track:7v0EsDFDBpCgmIruSQTUNZ,"Tell Me You Know","Tell Me You Know","Good Kid",2018-06-04,197690,59,false,,2025-07-06T04:05:41Z,"","Good Kid",0.576,0.919,11,-3.186,1,0.0279,0.000149,0.00000224,0.102,0.876,96.076,4
spotify:track:0TpJF2IIk9idRMJuSSXMLh,"Aloe Lite","Good Kid 2","Good Kid",2020-11-06,149292,59,false,,2025-07-06T04:05:27Z,"","Good Kid",0.48,0.896,1,-4.207,1,0.0329,0.000199,0.0000515,0.437,0.728,179.999,4
spotify:track:7H7NyZ3G075GqPx2evsfeb,"Chamber Of Reflection","Salad Days","Mac DeMarco",2014-04-01,231723,81,false,,2025-07-06T03:41:52Z,"indie,lo-fi indie","Captured Tracks",0.538,0.557,11,-8.678,1,0.0914,0.262,0.914,0.102,0.506,131.03,4
spotify:track:2fhOljbX79loRcdl47SFye,"Moonlight on the River","This Old Dog","Mac DeMarco",2017-05-05,422613,77,false,,2025-07-06T03:41:31Z,"indie,lo-fi indie","Captured Tracks",0.662,0.478,9,-8.631,1,0.0451,0.252,0.833,0.216,0.43,139.98,4
spotify:track:6ls5ulRydoPE7oWGPGBqFA,"Lonely","Trouble","Akon",2006-01-01,235066,72,false,,2025-07-05T05:26:47Z,"","SRC Records",0.633,0.529,5,-7.85,0,0.0339,0.307,0,0.342,0.578,90.08,4
spotify:track:2aaCNg42RA74s0EmHTBqS7,"No Other Heart","Another One","Mac DeMarco",2015-08-07,173117,80,false,,2025-07-05T02:50:08Z,"indie,lo-fi indie","Captured Tracks",0.67,0.684,2,-7.47,1,0.0242,0.513,0.0103,0.126,0.852,94.261,4
spotify:track:72cGBEqu7RitIOoACXYjfR,"The Blonde","French Exit","TV Girl",2014-06-05,227760,81,false,,2025-07-02T03:03:32Z,"","TV Girl",0.501,0.547,1,-7.961,0,0.0243,0.225,0.912,0.288,0.225,87.692,4
spotify:track:3IznIgmXtrUaoPWpQTy5jB,"Not Allowed","Who Really Cares","TV Girl",2016-02-25,167864,85,true,,2025-07-02T03:03:14Z,"","TV Girl",0.67,0.905,1,-6.855,1,0.129,0.669,0.000227,0.349,0.563,104.965,4
spotify:track:3jjsRKEsF42ccXf8kWR3nu,"Washing Machine Heart","Be the Cowboy","Mitski",2018-08-17,128198,85,false,,2025-07-02T03:02:45Z,"","Dead Oceans",0.613,0.822,9,-4.087,1,0.026,0.0092,0.506,0.429,0.567,105.997,4
spotify:track:63Pi2NAx5yCgeLhCTOrEou,"Headlock","Speak for Yourself (Deluxe Version)","Imogen Heap",2005,215338,85,false,,2025-07-02T03:01:46Z,"","Megaphonic",0.808,0.372,7,-10.759,0,0.0364,0.792,0,0.119,0.787,119.982,4
spotify:track:4PMdq7Q7xOFrY424ZelZEb,"Radio","Born To Die - The Paradise Edition","Lana Del Rey",2012-11-12,214573,63,true,,2025-07-02T03:00:24Z,"","Polydor Records",0.423,0.857,2,-5.173,1,0.0687,0.188,0.0000263,0.105,0.196,75.024,4
spotify:track:1NZs6n6hl8UuMaX0UC0YTz,"Brooklyn Baby","Ultraviolence (Deluxe)","Lana Del Rey",2014-01-01,351640,86,true,,2025-07-02T03:00:08Z,"","Polydor Records",0.404,0.664,1,-6.698,1,0.0407,0.542,0.00402,0.11,0.0949,107.747,4
spotify:track:1Ist6PR2BZR3n2z2Y5R6S1,"Summertime Sadness","Born To Die – Paradise Edition (Special Version)","Lana Del Rey",2012-01-01,264773,79,false,,2025-07-02T02:59:44Z,"","Urban",0.566,0.647,1,-6.815,0,0.0335,0.0477,0,0.121,0.22,111.96,4
spotify:track:2X485T9Z5Ly0xyaghN73ed,"Let It Happen","Currents","Tame Impala",2015-07-17,467586,86,false,,2025-07-02T02:58:56Z,"neo-psychedelic,indie","Universal Music Australia Pty. Ltd.",0.602,0.881,1,-5.875,0,0.0443,0.00462,0.0266,0.111,0.577,125.012,4
spotify:track:5hM5arv9KDbCHS0k9uqwjr,"Borderline","The Slow Rush","Tame Impala",2020-02-14,237800,87,false,,2025-07-02T02:58:44Z,"neo-psychedelic,indie","Universal Music Australia Pty. Ltd.",0.621,0.873,5,-3.067,0,0.0369,0.0406,0.0000091,0.0824,0.873,97.96,4
spotify:track:6K4t31amVTZDgR3sKmwUJJ,"The Less I Know The Better","Currents","Tame Impala",2015-07-17,216320,91,true,,2025-07-02T02:58:38Z,"neo-psychedelic,indie","Universal Music Australia Pty. Ltd.",0.64,0.74,4,-4.083,1,0.0284,0.0115,0.00678,0.167,0.785,116.879,4
spotify:track:6l8T96kpkx6RY9kFac7eMU,"Blondie","Wild Heart","Current Joys",2013-01-02,192318,78,false,,2025-07-02T02:58:18Z,"lo-fi indie","Current Joys",0.754,0.784,6,-8.825,1,0.0358,0.705,0.845,0.111,0.866,122.074,4
spotify:track:6jgkEbmQ2F2onEqsEhiliL,"My Kind of Woman","2","Mac DeMarco",2012-10-16,190845,80,false,,2025-07-02T02:58:07Z,"indie,lo-fi indie","Captured Tracks",0.501,0.765,6,-7.063,0,0.0281,0.00294,0.49,0.184,0.46,91.771,4
spotify:track:1oAwsWBovWRIp7qLMGPIet,"Apocalypse","Cigarettes After Sex","Cigarettes After Sex",2017-06-09,290146,91,false,,2025-07-02T02:57:57Z,"dream pop","Partisan Records",0.369,0.467,5,-9.018,1,0.0274,0.0194,0.46,0.109,0.174,94.473,4
spotify:track:25WBAqR5bcRrs1du9L6AeC,"Sports","Sports","Beach Bunny",2018-01-01,164165,28,false,,2025-07-02T02:57:55Z,"","Mom+Pop",0.23,0.877,9,-5.278,1,0.0574,0.000653,0.0234,0.0697,0.524,186.142,4
spotify:track:0MnTkIEP4zZN1IUSu8MvIz,"Tek It - Sped Up","Tek It (I Watch the Moon)","Cafuné",2019,166859,77,false,,2025-07-02T02:57:54Z,"","Elektra (NEK)",0.348,0.95,10,-5.049,0,0.124,0.0000993,0.00000968,0.0868,0.377,168.964,4
spotify:track:2R4AlwtrrkMaRKojcTIzmL,"For the First Time","This Old Dog","Mac DeMarco",2017-05-05,182306,82,false,,2025-07-02T02:57:51Z,"indie,lo-fi indie","Captured Tracks",0.551,0.529,5,-10.469,0,0.0517,0.296,0.0093,0.178,0.521,75.515,4
spotify:track:7MlDNspYwfqnHxORufupwq,"Sex, Drugs, Etc.","Pineapple Sunrise","Beach Weather",2023-03-03,196784,85,false,,2025-07-02T02:57:40Z,"","8123 / Arista Records",0.57,0.842,4,-5.085,0,0.0381,0.0136,0.00876,0.524,0.47,143.975,4
spotify:track:3qhlB30KknSejmIvZZLjOD,"End of Beginning","DECIDE","Djo",2022-09-16,159245,96,false,,2025-07-02T02:57:32Z,"","Djo",0.689,0.454,2,-7.643,1,0.0584,0.0351,0.00259,0.0707,0.912,159.982,4
spotify:track:3EaJDYHA0KnX88JvDhL9oa,"Dark Red","Dark Red","Steve Lacy",2017-02-20,173104,87,false,,2025-07-02T02:57:26Z,"","Three Quarter",0.603,0.784,6,-4.023,1,0.062,0.446,0.00000832,0.119,0.769,172.041,4
spotify:track:0UV5zxRMz6AO4ZwUOZNIKI,"Where'd All the Time Go?","Shame, Shame (Deluxe Edition)","Dr. Dog",2010-11-02,234800,83,false,,2025-07-02T02:57:09Z,"","Anti/Epitaph",0.454,0.82,2,-4.193,1,0.0567,0.132,0.000969,0.115,0.575,166.303,4
spotify:track:1xaTREM89RbIxkcjlpf4Uw,"Heaven Knows I'm Miserable Now - 2011 Remaster","Hatful of Hollow","The Smiths",1984,215760,84,false,,2025-07-02T02:56:47Z,"new wave,madchester,jangle pop","WM UK",0.609,0.759,6,-4.862,1,0.0276,0.028,0,0.183,0.774,114.045,4
spotify:track:3hxIUxnT27p5WcmjGUXNwx,"Shut up My Moms Calling","Shut up My Moms Calling","Hotel Ugly",2020-02-10,164571,89,false,,2025-07-02T02:56:28Z,"","Hotel Ugly, under exclusive license to Amuseio AB",0.485,0.409,9,-10.711,0,0.101,0.325,0,0.103,0.376,138.419,4
spotify:track:2vWBUC9djv6BtiGlmKiQaH,"YKWIM?","Bipolar","Yot Club",2019-05-31,212750,80,false,,2025-07-02T02:56:22Z,"bedroom pop","Yot Club under exclusive license to Amuseio AB",0.372,0.537,9,-7.623,1,0.0305,0.937,0.873,0.287,0.228,123.735,3
spotify:track:1KIJclzEbNhSVw8tiHPWwE,"Young","Vibes","Vacations",2016,189160,79,false,,2025-07-02T02:56:10Z,"","Nettwerk Music Group",0.498,0.81,7,-4.065,1,0.0263,0.00392,0.00717,0.0635,0.594,79.935,4
spotify:track:0JIMT9gzLIIz0esKLyjbKf,"Telephones","Changes","Vacations",2018,212432,83,false,,2025-07-02T02:56:01Z,"","Nettwerk Music Group",0.526,0.447,2,-9.268,1,0.0274,0.00283,0.0301,0.109,0.183,74.995,4
spotify:track:2tznHmp70DxMyr2XhWLOW0,"Cigarette Daydreams","Melophobia","Cage The Elephant",2013-10-08,208760,81,false,,2025-07-02T02:55:57Z,"","RCA Records Label",0.636,0.676,2,-3.442,1,0.0263,0.0807,0,0.0831,0.273,113.98,4
spotify:track:2KufM8PiQY4i52XhRL96Fd,"Champagne Coast","Coastal Grooves","Blood Orange",2011-08-30,292373,79,false,,2025-06-30T01:41:20Z,"art pop","Domino Recording Co",0.813,0.406,9,-12.626,1,0.0662,0.0203,0.392,0.0757,0.755,122.658,4
spotify:track:7c0ss9FGSyXGNczL4gV75a,"Airplane Mode","Holo","Limbo",2018-01-08,164000,60,true,,2025-06-30T01:41:07Z,"","Limbo Sounds",0.636,0.299,4,-13.717,0,0.198,0.88,0.114,0.108,0.0646,119.919,4
spotify:track:5xA5MggKc3aQxuOzNzPUWB,"Apple Cider","Loveworm","beabadoobee",2019-04-26,178918,79,true,,2025-06-30T01:40:55Z,"bedroom pop","Dirty Hit",0.492,0.921,2,-3.939,1,0.032,0.082,0.0114,0.301,0.679,138.008,4
spotify:track:7fyG2MquxykO3Ufiku1Dj2,"Treehouse","Treehouse","Alex G;Emily Yacina",2011-01-17,158801,79,false,,2025-06-29T05:25:08Z,"","Alex G & Emily Yacina",0.612,0.196,7,-19.489,0,0.0359,0.706,0.319,0.111,0.142,73.489,4
spotify:track:5e0b9LgOfi3aJSKXFcOWRe,"Beanie","Beanie","Chezile",2023-11-28,132160,83,false,,2025-06-29T05:22:33Z,"","Chezile / 10K Projects",0.531,0.556,5,-6.245,1,0.0252,0.407,0.00915,0.318,0.156,138.978,3
spotify:track:7mDTvYD2ieE4Q28XFziMfJ,"Cry","Cry","Cigarettes After Sex",2019-10-25,256799,87,false,,2025-06-29T05:19:18Z,"dream pop","Partisan Records",0.408,0.397,7,-10.448,1,0.0274,0.755,0.67,0.112,0.163,142.803,4
spotify:track:6WlmEymaXKMRs3D2c4j6os,"Inside Out","Stratosphere","Duster",1998-02-24,141040,73,false,,2025-06-29T05:16:11Z,"slowcore,shoegaze","Numero Group",0.553,0.465,9,-9.664,1,0.0301,0.84,0.97,0.102,0.652,79.223,4
spotify:track:2U7svZUGvR4tfKdyxv9mXu,"would've been you","would've been you","sombr",2023-11-17,183586,79,false,,2025-06-29T05:06:38Z,"","Warner Records",0.311,0.379,1,-12.786,1,0.0313,0.738,0.167,0.0954,0.138,79.771,4
spotify:track:6GJdFTOm23lC5bqjYSMJTj,"Prom Queen","Prom Queen","Beach Bunny",2018-08-10,136562,40,false,,2025-06-29T05:00:50Z,"","Mom+Pop",0.534,0.795,4,-7.487,1,0.0471,0.00037,0.009,0.139,0.76,143.312,4
spotify:track:1JbbYSre3n6j2YlfHH31UL,"Fear","A Different Age","Current Joys",2018-03-02,216539,75,false,,2025-06-29T04:55:13Z,"lo-fi indie","Current Joys",0.716,0.447,2,-8.314,1,0.0388,0.701,0.429,0.0855,0.506,93.955,4
spotify:track:2xGjfbXZnI8uQDhukoQURQ,"K.","Cigarettes After Sex","Cigarettes After Sex",2017-06-09,319560,86,false,,2025-06-29T04:49:49Z,"dream pop","Partisan Records",0.454,0.404,3,-10.26,1,0.027,0.146,0.819,0.141,0.313,94.113,4
spotify:track:1aXV8GrmQLvgoFtBPERP7E,"Jealous","Jealous","Eyedress",2019-12-06,122338,15,false,,2025-06-29T04:47:37Z,"","Lex Records",0.474,0.921,9,-10.431,0,0.0457,0.00491,0.85,0.476,0.696,93.01,4
spotify:track:4k6Uh1HXdhtusDW5y8Gbvy,"Bad Habit","Gemini Rights","Steve Lacy",2022-07-15,232114,87,true,,2025-06-29T04:44:13Z,"","L-M Records/RCA Records",0.686,0.494,1,-7.093,1,0.0355,0.613,0.000058,0.402,0.7,168.946,4
spotify:track:42qNWdLKCI41S4uzfamhFM,"Duvet","Twilight","bôa",2001-03-21,203600,87,false,,2025-06-29T04:35:11Z,"","Nettwerk Music Group",0.583,0.888,11,-9.414,0,0.0349,0.191,0.0000458,0.0936,0.706,93.206,4
spotify:track:6QeYSvYqYUsfBzsApbjDHO,"Cigarettes out the Window","Who Really Cares","TV Girl",2016-02-25,198960,87,false,,2025-06-29T04:29:45Z,"","TV Girl",0.625,0.659,0,-5.669,1,0.0337,0.12,0,0.17,0.594,113.551,4
spotify:track:6cMMZ2pdP4PkYsVJqX2WUh,"Kids","Kids","Current Joys",2015-03-08,269142,81,false,,2025-06-29T04:23:38Z,"lo-fi indie","Current Joys",0.828,0.656,6,-9.638,1,0.0336,0.52,0.358,0.0745,0.902,113.45,4
spotify:track:0hta2Lb2zKJ7kEnAEZEE3G,"Nope your too late i already died","suburban daredevil","wifiskeleton;i wanna be a jack-o-lantern",2024-10-22,90067,87,false,,2025-06-29T04:15:21Z,"","9th St. / Hallwood",0.704,0.597,4,-10.458,0,0.036,0.105,0.00835,0.264,0.978,119.993,4
spotify:track:39sDitIeCMrVX2QyXHY46t,"Blue Hair","Death of a Party Girl","TV Girl",2018-05-08,217000,85,false,,2025-06-18T03:16:20Z,"","TV Girl",0.751,0.72,4,-6.376,1,0.0303,0.554,0.0497,0.258,0.884,135.73,4
spotify:track:786f01L1AbBOGr0WmAs54w,"New Flesh","Wild Heart","Current Joys",2013-01-02,168764,75,false,,2025-06-18T03:16:11Z,"lo-fi indie","Current Joys",0.62,0.858,9,-8.772,1,0.0551,0.851,0.431,0.0877,0.697,165.825,4
spotify:track:3p4hRhMcb6ch8OLtATMaLw,"Cry","Cry","Cigarettes After Sex",2019-10-25,256799,62,false,,2025-06-17T00:24:14Z,"dream pop","Partisan Records",0.408,0.398,7,-10.448,1,0.0277,0.758,0.654,0.112,0.165,142.834,4
spotify:track:0TZejo18HlJ86OrWNsXKnw,"Mrs Magic","Mrs Magic","Strawberry Guy",2019-07-24,208500,82,false,,2025-05-16T23:58:28Z,"bedroom pop","Melodic",0.471,0.634,8,-7.406,1,0.031,0.159,0.365,0.374,0.366,132.542,4
spotify:track:6dBUzqjtbnIa1TwYbyw5CM,"Lovers Rock","French Exit","TV Girl",2014-06-05,213920,89,false,,2025-05-12T00:44:17Z,"","TV Girl",0.559,0.871,5,-5.338,0,0.0397,0.00000753,0.00545,0.096,0.572,104.97,4
spotify:track:0T5iIrXA4p5GsubkhuBIKV,"Until I Found You","Until I Found You","Stephen Sanchez",2021-09-01,177720,80,false,,2025-05-11T23:05:18Z,"","Republic Records",0.539,0.508,10,-6.05,1,0.0288,0.727,0,0.174,0.227,101.358,3
spotify:track:2AYEOC02WLhUiOoaig2SEH,"Out of My League","More Than Just a Dream (Deluxe Edition)","Fitz and The Tantrums",2013-05-07,209386,83,false,,2025-05-11T22:35:06Z,"","Elektra (NEK)",0.545,0.968,9,-3.553,0,0.0853,0.0387,0.00325,0.331,0.527,169.965,4
spotify:track:1QL7nSDZCwZMnbisV4KOXt,"t r a n s p a r e n t s o u l feat. Travis Barker","t r a n s p a r e n t s o u l feat. Travis Barker","WILLOW;Travis Barker",2021-04-27,168030,64,true,,2025-05-11T22:34:49Z,"rap rock","MSFTSMusic / Roc Nation Records, LLC",0.39,0.83,11,-5.201,0,0.0563,0.0021,0,0.156,0.191,90.021,4
spotify:track:5naar7XewEOAjOywIp6Jjq,"Remember When","Nothing Happens","Wallows",2019-03-22,155146,73,false,,2025-05-11T22:34:27Z,"indie","Atlantic Records",0.504,0.708,11,-5.896,0,0.0343,0.00112,0.000424,0.788,0.51,82.009,4
spotify:track:6rY5FAWxCdAGllYEOZMbjW,"SLOW DANCING IN THE DARK","BALLADS 1","Joji",2018-10-26,209273,88,true,,2025-05-11T22:06:32Z,"","88rising Music",0.517,0.479,3,-7.458,1,0.0261,0.544,0.00598,0.191,0.284,88.968,4
spotify:track:21xou84xCn9aF4z2N5GzTK,"Life's Too Short","Phantom Pop","Wild Party",2014-10-07,221626,43,false,,2025-05-11T22:04:02Z,"","Fearless Records",0.524,0.831,6,-5.25,1,0.0287,0.000965,0,0.0904,0.458,93.003,4
spotify:track:1v3SmmWX9lHYGXii4SmAts,"Violet","Phantom Pop","Wild Party",2014-10-07,179093,45,false,,2025-05-11T22:03:57Z,"","Fearless Records",0.42,0.882,6,-4.383,1,0.0466,0.014,0,0.36,0.643,171.07,4
spotify:track:7BaVEmehdQyvN8NRPgmvCf,"Nuisance","Nuisance","patrick witkowski",2023-02-24,139885,0,false,,2025-05-11T22:03:44Z,"","SELENE",0.479,0.874,7,-5.023,1,0.0577,0.0171,0,0.337,0.7,164.798,4
spotify:track:6AHCHNvumPWta5gVOHfV1c,"Not Running","Future Me Hates Me","The Beths",2018-08-10,231653,43,false,,2025-05-11T22:03:26Z,"indie rock,power pop","Carpark Records",0.165,0.928,2,-7.265,1,0.141,0.00000597,0.022,0.113,0.293,180.046,4
spotify:track:3aI2wWEeNmtYDvsAyJahyi,"Next Exit","No Place Like Home","Vacations",2024-01-12,201000,64,false,,2025-05-11T22:02:43Z,"","Nettwerk Music Group",0.457,0.775,2,-7.125,1,0.0364,0.000309,0.818,0.674,0.793,80.049,4
spotify:track:3ZgkHyoKfNMcHTXC0X1qQj,"Cloud 9","Honeymoon","Beach Bunny",2020-02-14,147350,31,false,,2025-05-11T22:02:07Z,"","Mom+Pop",0.635,0.93,4,-3.593,1,0.0496,0.00167,0.0000186,0.344,0.904,80.983,4
spotify:track:4IlqQhaxrGPxmg35YcXXuS,"Dancin - Krono Remix","Ibiza 2019","Aaron Smith;Luvli;Krono",2019-11-11,256000,78,false,,2025-05-11T22:01:56Z,"","Moody Recordings",0.751,0.727,10,-9.789,0,0.0304,0.0442,0.0338,0.1,0.28,119.982,4
spotify:track:3KkXRkHbMCARz0aVfEt68P,"Sunflower - Spider-Man: Into the Spider-Verse","Spider-Man: Into the Spider-Verse (Soundtrack From & Inspired by the Motion Picture)","Post Malone;Swae Lee",2018-12-14,158040,86,false,,2025-05-11T22:01:47Z,"","Universal Records",0.76,0.478,2,-5.574,1,0.0467,0.552,0,0.0703,0.913,89.908,4
spotify:track:6f5ExP43esnvdKPddwKXJH,"Better Days (NEIKED x Mae Muller x Polo G)","Better Days (NEIKED x Mae Muller x Polo G)","NEIKED;Mae Muller;Polo G",2021-09-24,160656,73,false,,2025-05-11T22:01:41Z,"","Capitol Records UK / EMI",0.717,0.671,0,-5.077,0,0.0337,0.0018,0.00000254,0.0921,0.699,110.054,4
spotify:track:43PGPuHIlVOc04jrZVh9L6,"RAPSTAR","RAPSTAR","Polo G",2021-04-09,165925,4,true,,2025-05-11T22:01:35Z,"","Columbia",0.789,0.536,6,-6.862,1,0.242,0.41,0,0.129,0.437,81.039,4
spotify:track:7eJMfftS33KTjuF7lTsMCx,"death bed (coffee for your head)","death bed (coffee for your head)","Powfu;beabadoobee",2020-02-08,173333,83,false,,2025-05-11T22:01:20Z,"bedroom pop","Columbia",0.726,0.431,8,-8.765,0,0.135,0.731,0,0.696,0.348,144.026,4
spotify:track:2QjOHCTQ1Jl3zawyYOpxh6,"Sweater Weather","I Love You.","The Neighbourhood",2013-04-22,240400,94,false,,2025-05-11T22:00:51Z,"","Columbia",0.612,0.807,10,-2.81,1,0.0336,0.0495,0.0177,0.101,0.398,124.053,4
spotify:track:4AajxCEwGEsmHmT4H1TwjY,"undressed","undressed","sombr",2025-03-21,182088,81,false,,2025-05-11T21:59:04Z,"","Warner Records",0.642,0.887,0,-3.883,1,0.0406,0.137,0,0.0829,0.888,115.999,4
spotify:track:44AyOl4qVkzS48vBsbNXaC,"Can't Help Falling in Love","Blue Hawaii","Elvis Presley",1961-10-20,185877,84,false,,2025-05-11T21:59:03Z,"rockabilly,rock and roll","RCA/Legacy",0.396,0.293,2,-14.062,1,0.0275,0.941,0.000196,0.105,0.343,100.307,3
spotify:track:3OS4XXm4S42pnESQmtN9MG,"Well I Wonder - 2011 Remaster","Meat Is Murder","The Smiths",1985-02-11,239426,71,false,,2025-05-11T21:58:59Z,"new wave,madchester,jangle pop","WM UK",0.643,0.59,11,-10.843,0,0.0284,0.0806,0.00578,0.174,0.818,126.651,4
spotify:track:7D0RhFcb3CrfPuTJ0obrod,"Sparks","Parachutes","Coldplay",2000-07-10,227093,90,false,,2025-05-11T21:58:56Z,"","Parlophone UK",0.371,0.268,1,-10.506,1,0.0281,0.748,0.0517,0.104,0.165,102.617,3
spotify:track:1UNEuG9DYOWiikf00ayr52,"Love Me Not","Love Me Not / Love Is Blind","Ravyn Lenae",2024-05-03,213466,88,false,,2025-05-11T21:58:55Z,"alternative r&b,indie soul","Atlantic Records",0.786,0.741,0,-6.147,1,0.0309,0.293,0,0.132,0.816,113.98,4
spotify:track:0WQiDwKJclirSYG9v5tayI,"There Is a Light That Never Goes Out - 2011 Remaster","The Queen Is Dead","The Smiths",1986-06-16,244586,85,false,,2025-05-11T21:58:54Z,"new wave,madchester,jangle pop","WM UK",0.523,0.769,4,-5.855,1,0.0269,0.04,0,0.136,0.876,136.162,4
spotify:track:1H5N26VqHR4JhuaRKY2I0u,"Heaven Knows I'm Miserable Now - 2011 Remaster","Louder Than Bombs","The Smiths",1987,215760,71,false,,2025-05-11T21:58:53Z,"new wave,madchester,jangle pop","WM UK",0.609,0.759,6,-4.862,1,0.0276,0.028,0,0.183,0.774,114.045,4
spotify:track:50x1Ic8CaXkYNvjmxe3WXy,"Those Eyes","Those Eyes","New West",2019-05-10,220750,80,false,,2025-05-11T21:58:53Z,"","Republic Records",0.594,0.348,4,-8.297,1,0.0285,0.709,0.0000212,0.317,0.248,120.048,3
spotify:track:1In22zMILdinxdZng26irr,"We Hug Now","We Hug Now","Sydney Rose",2025-02-13,248821,1,false,,2025-05-11T21:58:52Z,"","Many Hats Distribution",0.365,0.33,0,-10.879,1,0.0355,0.714,0.00113,0.121,0.2,119.977,4
spotify:track:0FTmksd2dxiE5e3rWyJXs6,"back to friends","back to friends","sombr",2024-12-27,199032,90,false,,2025-05-11T21:58:51Z,"","Warner Records",0.436,0.723,1,-2.291,1,0.0301,0.0000937,0.0000882,0.0929,0.235,92.855,4
spotify:track:2kSGp5ZmO7u1Ine84Rx0w1,"Champagne Coast","Champagne Coast","Blood Orange",2011-11-07,292373,58,false,,2025-05-11T21:58:51Z,"art pop","Domino Recording Co",0.813,0.406,9,-12.626,1,0.0662,0.0203,0.392,0.0757,0.755,122.658,4
spotify:track:7wTqEW5nrMhvyEhEyTnOMd,"The Cut That Always Bleeds","Kid Krow","Conan Gray",2020-03-20,231920,83,false,,2025-05-11T21:58:50Z,"","Republic Records",0.489,0.413,0,-6.499,1,0.0314,0.59,0,0.0639,0.246,136.116,4
spotify:track:6LUGvXEAK8WxIBYK43uoTb,"Back to the Old House - 2011 Remaster","Louder Than Bombs","The Smiths",1987,186626,83,false,,2025-05-11T21:58:45Z,"new wave,madchester,jangle pop","WM UK",0.626,0.488,2,-7.805,1,0.0253,0.0102,0.000188,0.141,0.404,104.13,3
spotify:track:6Qyc6fS4DsZjB2mRW9DsQs,"Iris","Dizzy up the Girl","The Goo Goo Dolls",1998,289533,95,false,,2025-05-11T21:58:45Z,"","Warner Records",0.315,0.715,11,-8.072,0,0.0362,0.00125,0.00000797,0.0942,0.497,155.925,3
spotify:track:1XBYiRV30ykHw5f4wm6qEn,"NIGHTS LIKE THIS","THE FIRST TIME","The Kid LAROI",2023-11-10,86983,51,false,,2025-05-11T21:58:45Z,"","Columbia",0.482,0.757,6,-4.586,1,0.0355,0.0137,0.0016,0.143,0.12,142.579,4
spotify:track:3siwsiaEoU4Kuuc9WKMUy5,"No One Noticed","Submarine","The Marías",2024-05-31,236906,90,false,,2025-05-11T21:58:44Z,"bedroom pop","Nice Life/Atlantic",0.705,0.339,7,-10.612,1,0.0278,0.552,0.0814,0.12,0.457,97.989,4
spotify:track:1JSTJqkT5qHq8MDJnJbRE1,"Every Breath You Take","Synchronicity (Remastered 2003)","The Police",1983-06-17,253920,94,false,,2025-05-11T21:58:43Z,"","Polydor Records",0.82,0.452,1,-9.796,1,0.0348,0.543,0.00294,0.0714,0.74,117.401,4
spotify:track:6RiiSy9GzSwiyDEJDiMuKe,"Something About You","Mulholland Drive","Eyedress;Dent May",2021-08-27,153312,16,false,,2025-05-11T21:58:42Z,"","Lex Records",0.648,0.781,9,-8.736,0,0.0271,0.0332,0.013,0.305,0.822,133.417,4
spotify:track:3vkCueOmm7xQDoJ17W1Pm3,"My Love Mine All Mine","The Land Is Inhospitable and So Are We","Mitski",2023-09-15,137773,88,false,,2025-05-11T21:58:41Z,"","Dead Oceans",0.504,0.308,9,-14.958,1,0.0321,0.868,0.135,0.158,0.121,113.95,4
spotify:track:79EkGysjP2dL5GdpeQjRxT,"This Side of Paradise","Color","Coyote Theory",2011-06-20,242010,79,false,,2025-05-11T21:58:41Z,"","Arista Records",0.306,0.664,9,-6.07,1,0.0276,0.432,0.0000075,0.135,0.321,158.283,4
spotify:track:00RLNHc2jkEjUoCUlFgPVT,"welcome and goodbye","welcome and goodbye","Dream, Ivory",2018-03-31,140643,81,false,,2025-05-11T21:58:40Z,"","Dream, Ivory LLC",0.584,0.717,0,-5.175,0,0.0266,0.0194,0.756,0.0739,0.659,140.031,4
spotify:track:720cFmiRJj0brle3kQ7nHH,"Dreams From Bunker Hill","X's","Cigarettes After Sex",2024-07-12,219226,72,false,,2025-05-11T21:58:39Z,"dream pop","Partisan Records",0.54,0.342,7,-12.81,1,0.0306,0.635,0.703,0.0887,0.303,149.731,4
spotify:track:2Ddfm2NQwTRsf7YVlt258S,"Opera House","Cigarettes After Sex","Cigarettes After Sex",2017-06-09,364680,73,false,,2025-05-11T21:58:39Z,"dream pop","Partisan Records",0.319,0.293,5,-14.145,1,0.0378,0.734,0.85,0.0971,0.0689,115.481,4
spotify:track:4cV9zzKtPtW4i0FhnEwazU,"Each Time You Fall in Love","Cigarettes After Sex","Cigarettes After Sex",2017-06-09,290160,71,false,,2025-05-11T21:58:34Z,"dream pop","Partisan Records",0.383,0.534,10,-8.829,1,0.0277,0.468,0.676,0.14,0.276,76.046,4
spotify:track:7FsRZOB1QPo6ZGJlGvCWz6,"Holding you, Holding me","X's","Cigarettes After Sex",2024-07-12,210213,70,false,,2025-05-11T21:58:33Z,"dream pop","Partisan Records",0.62,0.465,5,-10.778,1,0.0311,0.48,0.895,0.113,0.599,114.005,4
spotify:track:0DBxUAlftYH0RXSr3cNsvs,"Ambien Slide","X's","Cigarettes After Sex",2024-07-12,213466,0,false,,2025-05-11T21:58:32Z,"dream pop","Partisan Records",0.557,0.552,5,-10.605,1,0.0436,0.412,0.854,0.103,0.337,79.991,4
spotify:track:37xXDxPzfk5lnU8aNSRXfw,"You're the Only Good Thing In My Life","Cry","Cigarettes After Sex",2019-10-25,275186,41,true,,2025-05-11T21:58:31Z,"dream pop","Partisan Records",0.467,0.289,5,-11.203,1,0.0282,0.783,0.742,0.131,0.0593,130.532,4
spotify:track:2F6vx9sOQJE264gYgn9dxr,"Silver Sable","X's","Cigarettes After Sex",2024-07-12,231933,0,false,,2025-05-11T21:58:30Z,"dream pop","Partisan Records",0.568,0.483,5,-11.333,1,0.031,0.748,0.341,0.132,0.55,91.065,4
spotify:track:2yyQmFCUPenLlfpfUxBnAd,"Truly","Cigarettes After Sex","Cigarettes After Sex",2017-06-09,244110,1,false,,2025-05-11T21:58:29Z,"dream pop","Partisan Records",0.449,0.383,4,-9.808,1,0.0281,0.142,0.554,0.0844,0.303,96.671,4
spotify:track:7cs7MLtAWvsdf3w5kBvfK2,"Nothing's Gonna Hurt You Baby","I.","Cigarettes After Sex",2012-07-21,286293,4,false,,2025-05-11T21:58:28Z,"dream pop","Spanish Prayers",0.495,0.328,4,-14.079,1,0.0274,0.262,0.149,0.107,0.0927,97.241,4
spotify:track:53k1gKFpKrDbktUzrB80f0,"Sesame Syrup","Crush","Cigarettes After Sex",2018-07-09,303296,1,false,,2025-05-11T21:58:28Z,"dream pop","Partisan Records",0.424,0.413,4,-11.383,1,0.0246,0.0402,0.382,0.107,0.348,93.636,4
spotify:track:70YTBH8vOGJNMhy6186yFm,"Heavenly","Cry","Cigarettes After Sex",2019-10-25,286773,56,false,,2025-05-11T21:58:27Z,"dream pop","Partisan Records",0.536,0.436,8,-9.187,1,0.0248,0.672,0.697,0.11,0.134,105.13,4
spotify:track:0O0bttAxJKKWqAqY2Nq4mC,"Falling In Love","Cry","Cigarettes After Sex",2019-10-25,245840,49,false,,2025-05-11T21:58:26Z,"dream pop","Partisan Records",0.475,0.269,7,-11.641,1,0.027,0.722,0.017,0.125,0.357,140.654,4
spotify:track:0Wiopk3IquTf6khAdIZr3p,"Baby Blue Movie","X's","Cigarettes After Sex",2024-07-12,244733,0,false,,2025-05-11T21:58:25Z,"dream pop","Partisan Records",0.597,0.614,8,-9.243,1,0.0344,0.35,0.791,0.13,0.531,105.011,4
spotify:track:0byw9oyQKnZ1fUWHfLQ9Wq,"Pure","Cry","Cigarettes After Sex",2019-10-25,254626,38,false,,2025-05-11T21:58:24Z,"dream pop","Partisan Records",0.48,0.21,1,-13.487,0,0.0329,0.55,0.855,0.101,0.0416,134.807,3
spotify:track:6VJYENs5BugMc1dCVepivD,"Flash","Cigarettes After Sex","Cigarettes After Sex",2017-06-09,274576,1,false,,2025-05-11T21:58:22Z,"dream pop","Partisan Records",0.559,0.368,0,-10.351,0,0.0248,0.351,0.823,0.099,0.139,74.026,4
spotify:track:3YL4zMqcyFu0OfLI1sZ66Z,"Starry Eyes","I.","Cigarettes After Sex",2012-07-21,206000,0,false,,2025-05-11T21:58:21Z,"dream pop","Spanish Prayers",0.422,0.363,2,-15.321,1,0.0329,0.445,0.323,0.0686,0.115,100.124,4
spotify:track:2nD9CUfMMUVxL0UyFs8fGG,"Pistol","Pistol","Cigarettes After Sex",2022-11-15,234174,2,false,,2025-05-11T21:58:20Z,"dream pop","Partisan Records",0.651,0.441,7,-11.74,1,0.0346,0.519,0.708,0.0959,0.373,109.979,4
spotify:track:7nbAMKGkPMjc4EuNNsjXqZ,"Neon Moon","Neon Moon","Cigarettes After Sex",2018-12-17,225767,1,false,,2025-05-11T21:58:20Z,"dream pop","Spanish Prayers",0.274,0.489,4,-11.102,1,0.0301,0.0984,0.0946,0.102,0.284,180.605,4
spotify:track:5Q6fh8OEhBYepJaORz9lxe,"Daddy Issues (Remix) feat. Syd","Daddy Issues (Remix) feat. Syd","The Neighbourhood;Syd",2015-11-13,181186,4,false,,2025-05-11T21:58:19Z,"alternative r&b","Columbia",0.623,0.533,10,-8.164,1,0.0653,0.245,0.00717,0.112,0.247,84.982,4
spotify:track:6ilc4vQcwMPlvAHFfsTGng,"Sweet","Cigarettes After Sex","Cigarettes After Sex",2017-06-09,292110,5,false,,2025-05-11T21:58:18Z,"dream pop","Partisan Records",0.449,0.51,6,-9.075,1,0.0278,0.351,0.761,0.139,0.115,96.425,4
spotify:track:5TTGoX70AFrTvuEtqHK37S,"No. 1 Party Anthem","AM","Arctic Monkeys",2013-09-09,243131,87,false,,2025-05-11T21:58:18Z,"indie,garage rock","Domino Recording Co",0.505,0.698,0,-5.563,1,0.0297,0.33,0.0887,0.0966,0.599,115.013,4
spotify:track:4ImeysCxPlYmM4LRFp7z9f,"X's","X's","Cigarettes After Sex",2024-07-12,183761,0,true,,2025-05-11T21:58:16Z,"dream pop","Partisan Records",0.587,0.442,11,-10.837,0,0.0296,0.445,0.816,0.109,0.215,133.251,4
spotify:track:6TWcSqCntZhH5vyc35kkob,"John Wayne","Cigarettes After Sex","Cigarettes After Sex",2017-06-09,258483,2,false,,2025-05-11T21:58:16Z,"dream pop","Partisan Records",0.453,0.465,3,-8.392,1,0.0287,0.351,0.883,0.0985,0.178,123.84,4
spotify:track:6sQ833YbGp8SbtGcLCBwHw,"Tejano Blue","Tejano Blue","Cigarettes After Sex",2024-02-28,234453,0,true,,2025-05-11T21:58:15Z,"dream pop","Partisan Records",0.54,0.46,4,-9.992,1,0.0369,0.546,0.439,0.116,0.285,81.999,4
spotify:track:1l4pW7Tklvcc3k38rDFMkk,"Touch","Cry","Cigarettes After Sex",2019-10-25,292853,54,false,,2025-05-11T21:58:14Z,"dream pop","Partisan Records",0.484,0.5,6,-9.403,1,0.0241,0.366,0.918,0.102,0.369,95.996,4
spotify:track:514vvD0m17sJuYzoOqcE2Q,"Young & Dumb","Cigarettes After Sex","Cigarettes After Sex",2017-06-09,273896,1,true,,2025-05-11T21:58:10Z,"dream pop","Partisan Records",0.402,0.521,0,-8.895,1,0.0283,0.517,0.697,0.106,0.229,97.064,4
spotify:track:0SpkyS1Q4MD8GaVcP5YjT4,"Sunsetz","Cigarettes After Sex","Cigarettes After Sex",2017-06-09,215150,7,true,,2025-05-11T21:58:09Z,"dream pop","Partisan Records",0.41,0.48,9,-9.417,0,0.0294,0.0561,0.814,0.0972,0.129,75.303,4
spotify:track:1FWsomP9StpCcXNWmJk8Cl,"K.","Cigarettes After Sex","Cigarettes After Sex",2017-06-09,320030,7,false,,2025-05-11T21:58:08Z,"dream pop","Partisan Records",0.454,0.401,3,-10.251,1,0.0264,0.14,0.837,0.136,0.319,93.703,4
spotify:track:7ne4VBA60CxGM75vw0EYad,"That’s So True","The Secret of Us (Deluxe)","Gracie Abrams",2024-10-18,166300,90,true,,2025-05-11T21:58:05Z,"","Gracie Abrams, under exclusive license to Interscope Records",0.554,0.808,1,-4.169,1,0.0368,0.214,0,0.159,0.372,108.548,4
spotify:track:51rfRCiUSvxXlCSCfIztBy,"I Love You, I'm Sorry","The Secret of Us","Gracie Abrams",2024-06-21,157146,87,true,,2025-05-11T21:58:05Z,"","Gracie Abrams, under exclusive license to Interscope Records",0.53,0.406,10,-7.507,1,0.033,0.656,0,0.133,0.338,115.94,3
spotify:track:4SqWKzw0CbA05TGszDgMlc,"I Love You So","I Love You So","The Walters",2014-11-28,160239,88,false,,2025-05-11T21:58:02Z,"","Warner Records",0.575,0.648,10,-4.891,1,0.0358,0.583,0,0.115,0.466,75.977,4
spotify:track:2plbrEY59IikOBgBGLjaoe,"Die With A Smile","Die With A Smile","Lady Gaga;Bruno Mars",2024-08-16,251667,91,false,,2025-05-11T21:58:01Z,"art pop,pop","Interscope",0.521,0.592,6,-7.777,0,0.0304,0.308,0,0.122,0.535,157.969,3
spotify:track:0UYnhUfnUj5adChuAXvLUB,"Sailor Song","Sailor Song","Gigi Perez",2024-07-26,211978,5,false,,2025-05-11T21:57:58Z,"","Gigi Perez",0.492,0.416,11,-10.439,1,0.0254,0.686,0.0000861,0.203,0.297,94.926,4
spotify:track:0JXXNGljqupsJaZsgSbMZV,"Sure Thing","All I Want Is You","Miguel",2010-11-30,195373,89,false,,2025-05-11T21:57:57Z,"r&b","Jive",0.684,0.607,11,-8.127,0,0.1,0.0267,0.000307,0.191,0.498,81.001,4
spotify:track:2Co0IjcLTSHMtodwD4gzfg,"I Bet on Losing Dogs","Puberty 2","Mitski",2016-06-17,170240,81,false,,2025-05-11T21:57:56Z,"","Dead Oceans",0.398,0.493,9,-9.561,1,0.0303,0.00347,0.000157,0.106,0.412,82.048,4
spotify:track:6GGtHZgBycCgGBUhZo81xe,"Say Yes To Heaven","Say Yes To Heaven","Lana Del Rey",2023-05-19,209156,86,false,,2025-05-11T21:57:55Z,"","Polydor Records",0.485,0.348,6,-11.576,0,0.0257,0.678,0.167,0.118,0.145,99.898,4
spotify:track:2vtmY2mSccRzKGjtcHSzI3,"Diet Mountain Dew","Born To Die - The Paradise Edition","Lana Del Rey",2012-01-01,222920,80,false,,2025-05-11T21:57:53Z,"","Polydor Records",0.595,0.696,10,-5.921,0,0.0417,0.276,0,0.411,0.533,88.013,4
spotify:track:7EkWXAI1wn8Ii883ecd9xr,"Freaks","Freaks","Surf Curse",2021-05-15,147062,87,false,,2025-05-11T21:57:52Z,"indie","Surf Curse",0.345,0.941,9,-9.918,1,0.0466,0.0000384,0.633,0.0511,0.407,179.626,4
spotify:track:2Lumsra3kuU61wXkEKzKaK,"Disco","Disco","Surf Curse",2019-06-12,152760,81,false,,2025-05-11T21:57:51Z,"indie","Surf Curse",0.473,0.621,11,-8.698,0,0.0291,0.0253,0.000366,0.19,0.782,173.083,4
spotify:track:2LBqCSwhJGcFQeTHMVGwy3,"Die For You","Starboy","The Weeknd",2016-11-24,260253,88,false,,2025-05-11T21:57:50Z,"","The Weeknd/Lyric",0.586,0.525,1,-7.163,0,0.0615,0.111,0,0.134,0.508,133.629,4
spotify:track:3QaPy1KgI7nu9FJEQUgn6h,"WILDFLOWER","HIT ME HARD AND SOFT","Billie Eilish",2024-05-17,261466,92,false,,2025-05-11T21:57:46Z,"","Darkroom/Interscope Records",0.467,0.247,6,-12.002,0,0.0431,0.612,0.000271,0.17,0.126,148.101,4
spotify:track:629DixmZGHc7ILtEntuiWE,"LUNCH","HIT ME HARD AND SOFT","Billie Eilish",2024-05-17,179586,83,false,,2025-05-11T21:57:45Z,"","Darkroom/Interscope Records",0.893,0.4,11,-7.981,0,0.0643,0.0452,0.0823,0.0632,0.945,124.987,4
spotify:track:6dOtVTDdiauQNBQEDOtlAB,"BIRDS OF A FEATHER","HIT ME HARD AND SOFT","Billie Eilish",2024-05-17,210373,95,false,,2025-05-11T21:57:45Z,"","Darkroom/Interscope Records",0.747,0.507,2,-10.171,1,0.0358,0.2,0.0608,0.117,0.438,104.978,4
spotify:track:22I3h5AOENlH4CqXJsEbFR,"Collide (feat. Tyga)","Collide (feat. Tyga)","Justine Skye;Tyga",2014-08-25,260169,73,true,,2025-05-11T21:57:43Z,"","Nynetineth LLC",0.418,0.31,11,-9.869,0,0.0625,0.095,0,0.216,0.131,139.614,4
spotify:track:4K9fCsfAZmLogvDKKIRgCa,"Tek It","Tek It (I Watch the Moon)","Cafuné",2019,191823,74,false,,2025-05-11T21:57:42Z,"","Elektra (NEK)",0.423,0.913,8,-5.354,1,0.0655,0.0000653,0,0.269,0.596,146.995,4
spotify:track:3NLnwwAQbbFKcEcV8hDItk,"Perfect","Made In The A.M. (Deluxe Edition)","One Direction",2015-11-13,230341,84,false,,2025-05-11T21:57:36Z,"","Syco Music",0.648,0.822,11,-5.231,0,0.0749,0.0598,0,0.119,0.397,99.933,4
spotify:track:5O2P9iiztwhomNh8xkR9lJ,"Night Changes","FOUR (Deluxe)","One Direction",2014-11-17,226597,90,false,,2025-05-11T21:57:35Z,"","Syco Music",0.672,0.52,8,-7.747,1,0.0353,0.859,0,0.115,0.37,120.001,4
spotify:track:1Fid2jjqsHViMX6xNH70hE,"Atlantis","Tell Me It's Real (Expanded Edition)","Seafret",2016-01-29,229613,84,false,,2025-05-11T21:57:34Z,"","Sweet Jane Recordings",0.4,0.479,8,-7.989,0,0.0308,0.0529,0.00000214,0.115,0.213,166.159,4
spotify:track:5LrN7yUQAzvthd4QujgPFr,"Here With Me","Petals to Thorns","d4vd",2023-05-26,242484,15,false,,2025-05-11T21:57:33Z,"","Darkroom/Interscope Records",0.575,0.45,4,-9.306,1,0.0259,0.531,0.0000659,0.124,0.263,132.039,4
spotify:track:1xK59OXxi2TAAAbmZK0kBL,"Romantic Homicide","Romantic Homicide","d4vd",2022-07-20,132630,84,false,,2025-05-11T21:57:32Z,"","D4VD ENT, LLC",0.571,0.544,6,-10.613,1,0.0299,0.453,0.00805,0.322,0.216,132.052,4
spotify:track:2xql0pid3EUwW38AsywxhV,"Reflections","Hard To Imagine The Neighbourhood Ever Changing","The Neighbourhood",2018-11-02,244013,89,false,,2025-05-11T21:57:31Z,"","Columbia",0.648,0.594,11,-7.027,0,0.0293,0.114,0.0462,0.116,0.544,113.983,4
spotify:track:6IPwKM3fUUzlElbvKw2sKl,"we fell in love in october","we fell in love in october / October Passed Me By","girl in red",2018-11-21,184153,87,false,,2025-05-11T21:57:29Z,"bedroom pop","world in red",0.566,0.366,7,-12.808,1,0.028,0.113,0.181,0.155,0.237,129.96,4
spotify:track:2K7xn816oNHJZ0aVqdQsha,"Softcore","Hard To Imagine The Neighbourhood Ever Changing","The Neighbourhood",2018-11-02,206280,87,false,,2025-05-11T21:57:27Z,"","Columbia",0.575,0.568,9,-5.509,0,0.03,0.0484,0.000417,0.286,0.37,93.986,4
spotify:track:4k3xDpAdBuM17mNNHhOZkK,"nuts","LIVE FOREVER","Lil Peep;rainy bear",2015-12-02,85360,89,true,,2025-05-11T21:57:26Z,"emo rap,cloud rap","Death Note Music, LLC",0.51,0.739,2,-7.41,1,0.0415,0.00872,0,0.111,0.148,62.007,4
spotify:track:0BxE4FqsDD1Ot4YuBXwAPp,"505","Favourite Worst Nightmare","Arctic Monkeys",2007-04-22,253586,89,false,,2025-05-11T21:57:25Z,"indie,garage rock","Domino Recording Co",0.526,0.866,0,-5.822,1,0.0568,0.00287,0.0000778,0.0945,0.248,140.266,4
spotify:track:5XeFesFbtLpXzIVDNQP22n,"I Wanna Be Yours","AM","Arctic Monkeys",2013-09-09,183956,93,false,,2025-05-11T21:57:24Z,"indie,garage rock","Domino Recording Co",0.464,0.417,0,-9.345,0,0.0256,0.136,0.022,0.0974,0.479,67.528,4
